id,imdb_id,original_title,release_date,runtime,revenue,action,adventure,animation,comedy,crime,documentary,drama,family,fantasy,history,horror,music,mystery,romance,science fiction,tv movie,thriller,war,western,qtd_genres,day,month,year,day_of_week
2.0,tt0094675,Ariel,1988-10-21,73.0,0.0,0,0,0,1,1,0,1,0,0,0,0,0,0,0,0,0,0,0,0,3,21,10,1988,Friday
3.0,tt0092149,Varjoja paratiisissa,1986-10-17,74.0,0.0,0,0,0,1,0,0,1,0,0,0,0,0,0,0,0,0,0,0,0,2,17,10,1986,Friday
5.0,tt0113101,Four Rooms,1995-12-09,98.0,4257354.0,0,0,0,1,1,0,0,0,0,0,0,0,0,0,0,0,0,0,0,2,9,12,1995,Saturday
6.0,tt0107286,Judgment Night,1993-10-15,110.0,12136938.0,1,0,0,0,1,0,0,0,0,0,0,0,0,0,0,0,1,0,0,3,15,10,1993,Friday
8.0,tt0825671,Life in Loops (A Megacities RMX),2006-01-01,80.0,0.0,0,0,0,0,0,1,0,0,0,0,0,0,0,0,0,0,0,0,0,1,1,1,2006,Sunday
9.0,tt0425473,Sonntag im August,2004-09-02,15.0,0.0,0,0,0,0,0,0,1,0,0,0,0,0,0,0,0,0,0,0,0,1,2,9,2004,Thursday
11.0,tt0076759,Star Wars,1977-05-25,121.0,775398007.0,1,1,0,0,0,0,0,0,0,0,0,0,0,0,1,0,0,0,0,3,25,5,1977,Wednesday
12.0,tt0266543,Finding Nemo,2003-05-30,100.0,940335536.0,0,0,1,0,0,0,0,1,0,0,0,0,0,0,0,0,0,0,0,2,30,5,2003,Friday
13.0,tt0109830,Forrest Gump,1994-06-23,142.0,677387716.0,0,0,0,1,0,0,1,0,0,0,0,0,0,1,0,0,0,0,0,3,23,6,1994,Thursday
14.0,tt0169547,American Beauty,1999-09-15,122.0,356296601.0,0,0,0,0,0,0,1,0,0,0,0,0,0,0,0,0,0,0,0,1,15,9,1999,Wednesday
15.0,tt0033467,Citizen Kane,1941-04-17,119.0,23218000.0,0,0,0,0,0,0,1,0,0,0,0,0,1,0,0,0,0,0,0,2,17,4,1941,Thursday
16.0,tt0168629,Dancer in the Dark,2000-06-30,141.0,40031879.0,0,0,0,0,1,0,1,0,0,0,0,0,0,0,0,0,0,0,0,2,30,6,2000,Friday
17.0,tt0411267,The Dark,2005-09-28,87.0,0.0,0,0,0,0,0,0,0,0,0,0,1,0,1,0,0,0,1,0,0,3,28,9,2005,Wednesday
18.0,tt0119116,The Fifth Element,1997-05-02,126.0,263920180.0,1,1,0,0,0,0,0,0,1,0,0,0,0,0,1,0,1,0,0,5,2,5,1997,Friday
19.0,tt0017136,Metropolis,1927-02-06,149.0,650422.0,0,0,0,0,0,0,1,0,0,0,0,0,0,0,1,0,0,0,0,2,6,2,1927,Sunday
20.0,tt0314412,My Life Without Me,2003-03-07,106.0,12300000.0,0,0,0,0,0,0,1,0,0,0,0,0,0,1,0,0,0,0,0,2,7,3,2003,Friday
21.0,tt0060371,The Endless Summer,1966-06-15,91.0,0.0,0,0,0,0,0,1,0,0,0,0,0,0,0,0,0,0,0,0,0,1,15,6,1966,Wednesday
22.0,tt0325980,Pirates of the Caribbean: The Curse of the Black Pearl,2003-07-09,143.0,655011224.0,1,1,0,0,0,0,0,0,1,0,0,0,0,0,0,0,0,0,0,3,9,7,2003,Wednesday
24.0,tt0266697,Kill Bill: Vol. 1,2003-10-10,111.0,180906076.0,1,0,0,0,1,0,0,0,0,0,0,0,0,0,0,0,0,0,0,2,10,10,2003,Friday
25.0,tt0418763,Jarhead,2005-11-04,123.0,97076152.0,0,0,0,0,0,0,1,0,0,0,0,0,0,0,0,0,0,1,0,2,4,11,2005,Friday
26.0,tt0352994,LaLehet Al HaMayim,2004-02-05,103.0,444.0,0,0,0,0,0,0,1,0,0,0,0,0,0,0,0,0,0,0,0,1,5,2,2004,Thursday
27.0,tt0411705,9 Songs,2004-05-16,69.0,1574623.0,0,0,0,0,0,0,1,0,0,0,0,1,0,1,0,0,0,0,0,3,16,5,2004,Sunday
28.0,tt0078788,Apocalypse Now,1979-08-15,147.0,150000000.0,0,0,0,0,0,0,1,0,0,0,0,0,0,0,0,0,0,1,0,2,15,8,1979,Wednesday
33.0,tt0105695,Unforgiven,1992-08-07,130.0,159157447.0,0,0,0,0,0,0,0,0,0,0,0,0,0,0,0,0,0,0,1,1,7,8,1992,Friday
35.0,tt0462538,The Simpsons Movie,2007-07-25,87.0,527068851.0,0,0,1,1,0,0,0,1,0,0,0,0,0,0,0,0,0,0,0,3,25,7,2007,Wednesday
38.0,tt0338013,Eternal Sunshine of the Spotless Mind,2004-03-19,108.0,72258126.0,0,0,0,0,0,0,1,0,0,0,0,0,0,1,1,0,0,0,0,3,19,3,2004,Friday
55.0,tt0245712,Amores perros,2000-06-16,154.0,20908467.0,0,0,0,0,0,0,1,0,0,0,0,0,0,0,0,0,1,0,0,2,16,6,2000,Friday
58.0,tt0383574,Pirates of the Caribbean: Dead Man's Chest,2006-07-06,151.0,1065659812.0,1,1,0,0,0,0,0,0,1,0,0,0,0,0,0,0,0,0,0,3,6,7,2006,Thursday
59.0,tt0399146,A History of Violence,2005-09-23,96.0,60740827.0,0,0,0,0,1,0,1,0,0,0,0,0,0,0,0,0,1,0,0,3,23,9,2005,Friday
62.0,tt0062622,2001: A Space Odyssey,1968-04-02,149.0,71923560.0,0,1,0,0,0,0,0,0,0,0,0,0,1,0,1,0,0,0,0,3,2,4,1968,Tuesday
63.0,tt0114746,Twelve Monkeys,1995-12-29,129.0,168841459.0,0,0,0,0,0,0,0,0,0,0,0,0,1,0,1,0,1,0,0,3,29,12,1995,Friday
64.0,tt0287467,Hable con ella,2002-03-15,112.0,51001550.0,0,0,0,0,0,0,1,0,0,0,0,0,0,1,0,0,0,0,0,2,15,3,2002,Friday
65.0,tt0298203,8 Mile,2002-11-08,111.0,242875078.0,0,0,0,0,0,0,1,0,0,0,0,1,0,0,0,0,0,0,0,2,8,11,2002,Friday
66.0,tt0118548,Absolute Power,1997-02-14,121.0,50068310.0,1,0,0,0,1,0,1,0,0,0,0,0,0,0,0,0,0,0,0,3,14,2,1997,Friday
67.0,tt0445620,Paradise Now,2005-09-07,90.0,3395627.0,0,0,0,0,1,0,1,0,0,0,0,0,0,0,0,0,1,0,0,3,7,9,2005,Wednesday
68.0,tt0088846,Brazil,1985-02-20,143.0,0.0,0,0,0,1,0,0,0,0,0,0,0,0,0,0,1,0,0,0,0,2,20,2,1985,Wednesday
69.0,tt0358273,Walk the Line,2005-09-13,136.0,186797986.0,0,0,0,0,0,0,1,0,0,0,0,1,0,1,0,0,0,0,0,3,13,9,2005,Tuesday
70.0,tt0405159,Million Dollar Baby,2004-12-15,132.0,216763646.0,0,0,0,0,0,0,1,0,0,0,0,0,0,0,0,0,0,0,0,1,15,12,2004,Wednesday
71.0,tt0249462,Billy Elliot,2000-09-28,110.0,109280263.0,0,0,0,1,0,0,1,0,0,0,0,1,0,0,0,0,0,0,0,3,28,9,2000,Thursday
73.0,tt0120586,American History X,1998-07-01,119.0,23875127.0,0,0,0,0,0,0,1,0,0,0,0,0,0,0,0,0,0,0,0,1,1,7,1998,Wednesday
74.0,tt0407304,War of the Worlds,2005-06-28,117.0,603873119.0,0,1,0,0,0,0,0,0,0,0,0,0,0,0,1,0,1,0,0,3,28,6,2005,Tuesday
75.0,tt0116996,Mars Attacks!,1996-12-12,106.0,101371017.0,0,0,0,1,0,0,0,0,1,0,0,0,0,0,1,0,0,0,0,3,12,12,1996,Thursday
76.0,tt0112471,Before Sunrise,1995-01-27,101.0,5987386.0,0,0,0,0,0,0,1,0,0,0,0,0,0,1,0,0,0,0,0,2,27,1,1995,Friday
77.0,tt0209144,Memento,2000-10-11,113.0,39723096.0,0,0,0,0,0,0,0,0,0,0,0,0,1,0,0,0,1,0,0,2,11,10,2000,Wednesday
78.0,tt0083658,Blade Runner,1982-06-25,118.0,41722424.0,0,0,0,0,0,0,1,0,0,0,0,0,0,0,1,0,1,0,0,3,25,6,1982,Friday
79.0,tt0299977,英雄,2002-07-22,99.0,177394432.0,1,1,0,0,0,0,1,0,0,1,0,0,0,0,0,0,0,0,0,4,22,7,2002,Monday
80.0,tt0381681,Before Sunset,2004-02-10,80.0,15992615.0,0,0,0,0,0,0,1,0,0,0,0,0,0,1,0,0,0,0,0,2,10,2,2004,Tuesday
81.0,tt0087544,風の谷のナウシカ,1984-03-11,117.0,3301446.0,0,1,1,0,0,0,0,0,1,0,0,0,0,0,0,0,0,0,0,3,11,3,1984,Sunday
82.0,tt0430357,Miami Vice,2006-07-27,132.0,163794509.0,1,0,0,0,1,0,0,0,0,0,0,0,0,0,0,0,1,0,0,3,27,7,2006,Thursday
83.0,tt0374102,Open Water,2004-08-06,79.0,54667954.0,0,0,0,0,0,0,1,0,0,0,1,0,0,0,0,0,1,0,0,3,6,8,2004,Friday
85.0,tt0082971,Raiders of the Lost Ark,1981-06-12,115.0,389925971.0,1,1,0,0,0,0,0,0,0,0,0,0,0,0,0,0,0,0,0,2,12,6,1981,Friday
86.0,tt0430051,Elementarteilchen,2006-02-10,105.0,0.0,0,0,0,0,0,0,1,0,0,0,0,0,0,1,0,0,0,0,0,2,10,2,2006,Friday
87.0,tt0087469,Indiana Jones and the Temple of Doom,1984-05-23,118.0,333000000.0,1,1,0,0,0,0,0,0,0,0,0,0,0,0,0,0,0,0,0,2,23,5,1984,Wednesday
88.0,tt0092890,Dirty Dancing,1987-08-21,100.0,214577242.0,0,0,0,0,0,0,1,0,0,0,0,1,0,1,0,0,0,0,0,3,21,8,1987,Friday
89.0,tt0097576,Indiana Jones and the Last Crusade,1989-05-24,127.0,474171806.0,1,1,0,0,0,0,0,0,0,0,0,0,0,0,0,0,0,0,0,2,24,5,1989,Wednesday
90.0,tt0086960,Beverly Hills Cop,1984-11-30,105.0,316360478.0,1,0,0,1,1,0,0,0,0,0,0,0,0,0,0,0,0,0,0,3,30,11,1984,Friday
91.0,tt0023037,Las Hurdes,1933-12-01,29.0,0.0,0,0,0,0,0,1,0,0,0,0,0,0,0,0,0,0,0,0,0,1,1,12,1933,Friday
92.0,tt0169024,Megacities,1998-08-12,94.0,0.0,0,0,0,0,0,1,0,0,0,0,0,0,0,0,0,0,0,0,0,1,12,8,1998,Wednesday
93.0,tt0052561,Anatomy of a Murder,1959-07-01,161.0,8000000.0,0,0,0,0,1,0,1,0,0,0,0,0,1,0,0,0,1,0,0,4,1,7,1959,Wednesday
94.0,tt0436488,Kunstgriff,2002-01-01,6.0,0.0,0,0,0,1,0,0,0,0,0,0,0,0,0,0,0,0,0,0,0,1,1,1,2002,Tuesday
95.0,tt0120591,Armageddon,1998-07-01,151.0,553799566.0,1,1,0,0,0,0,0,0,0,0,0,0,0,0,1,0,1,0,0,4,1,7,1998,Wednesday
96.0,tt0092644,Beverly Hills Cop II,1987-05-18,103.0,299965036.0,1,0,0,1,1,0,0,0,0,0,0,0,0,0,0,0,0,0,0,3,18,5,1987,Monday
97.0,tt0084827,Tron,1982-07-09,96.0,33000000.0,1,1,0,0,0,0,0,0,0,0,0,0,0,0,1,0,0,0,0,3,9,7,1982,Friday
98.0,tt0172495,Gladiator,2000-05-01,155.0,465361176.0,1,1,0,0,0,0,1,0,0,0,0,0,0,0,0,0,0,0,0,3,1,5,2000,Monday
99.0,tt0185125,Todo sobre mi madre,1999-04-16,101.0,67872296.0,0,0,0,1,0,0,1,0,0,0,0,0,0,0,0,0,0,0,0,2,16,4,1999,Friday
100.0,tt0120735,"Lock, Stock and Two Smoking Barrels",1998-08-28,105.0,28356188.0,0,0,0,1,1,0,0,0,0,0,0,0,0,0,0,0,0,0,0,2,28,8,1998,Friday
101.0,tt0110413,Léon: The Professional,1994-09-14,111.0,45284974.0,1,0,0,0,1,0,1,0,0,0,0,0,0,0,0,0,0,0,0,3,14,9,1994,Wednesday
102.0,tt0315543,Elsker dig for evigt,2002-09-06,113.0,0.0,0,0,0,0,0,0,1,0,0,0,0,0,0,1,0,0,0,0,0,2,6,9,2002,Friday
103.0,tt0075314,Taxi Driver,1976-02-09,114.0,28570902.0,0,0,0,0,1,0,1,0,0,0,0,0,0,0,0,0,0,0,0,2,9,2,1976,Monday
104.0,tt0130827,Lola rennt,1998-03-03,81.0,7267585.0,1,0,0,0,0,0,1,0,0,0,0,0,0,0,0,0,1,0,0,3,3,3,1998,Tuesday
105.0,tt0088763,Back to the Future,1985-07-03,116.0,381109762.0,0,1,0,1,0,0,0,1,0,0,0,0,0,0,1,0,0,0,0,4,3,7,1985,Wednesday
106.0,tt0093773,Predator,1987-06-12,107.0,98267558.0,1,1,0,0,0,0,0,0,0,0,0,0,0,0,1,0,1,0,0,4,12,6,1987,Friday
107.0,tt0208092,Snatch,2000-09-01,103.0,83557872.0,0,0,0,1,1,0,0,0,0,0,0,0,0,0,0,0,0,0,0,2,1,9,2000,Friday
108.0,tt0108394,Trois couleurs : Bleu,1993-09-08,98.0,0.0,0,0,0,0,0,0,1,0,0,0,0,0,0,0,0,0,0,0,0,1,8,9,1993,Wednesday
109.0,tt0111507,Trois couleurs : Blanc,1994-01-26,92.0,0.0,0,0,0,1,0,0,1,0,0,0,0,0,1,0,0,0,0,0,0,3,26,1,1994,Wednesday
110.0,tt0111495,Trois couleurs : Rouge,1994-05-27,100.0,0.0,0,0,0,0,0,0,1,0,0,0,0,0,1,1,0,0,0,0,0,3,27,5,1994,Friday
111.0,tt0086250,Scarface,1983-12-09,170.0,66023329.0,1,0,0,0,1,0,1,0,0,0,0,0,0,0,0,0,1,0,0,4,9,12,1983,Friday
112.0,tt0243862,Italiensk for begyndere,2000-12-07,95.0,0.0,0,0,0,1,0,0,1,0,0,0,0,0,0,1,0,0,0,0,0,3,7,12,2000,Thursday
113.0,tt0374546,봄 여름 가을 겨울 그리고 봄,2003-09-19,103.0,8945072.0,0,0,0,0,0,0,1,0,0,0,0,0,0,0,0,0,0,0,0,1,19,9,2003,Friday
114.0,tt0100405,Pretty Woman,1990-03-23,119.0,463406268.0,0,0,0,1,0,0,0,0,0,0,0,0,0,1,0,0,0,0,0,2,23,3,1990,Friday
115.0,tt0118715,The Big Lebowski,1998-03-06,117.0,46748047.0,0,0,0,1,1,0,0,0,0,0,0,0,0,0,0,0,0,0,0,2,6,3,1998,Friday
116.0,tt0416320,Match Point,2005-10-26,124.0,85306374.0,0,0,0,0,1,0,1,0,0,0,0,0,0,1,0,0,1,0,0,4,26,10,2005,Wednesday
117.0,tt0094226,The Untouchables,1987-06-03,119.0,76270454.0,0,0,0,0,1,0,1,0,0,1,0,0,0,0,0,0,1,0,0,4,3,6,1987,Wednesday
118.0,tt0367594,Charlie and the Chocolate Factory,2005-07-13,115.0,474968763.0,0,1,0,1,0,0,0,1,1,0,0,0,0,0,0,0,0,0,0,4,13,7,2005,Wednesday
120.0,tt0120737,The Lord of the Rings: The Fellowship of the Ring,2001-12-18,179.0,871368364.0,1,1,0,0,0,0,0,0,1,0,0,0,0,0,0,0,0,0,0,3,18,12,2001,Tuesday
121.0,tt0167261,The Lord of the Rings: The Two Towers,2002-12-18,179.0,926287400.0,1,1,0,0,0,0,0,0,1,0,0,0,0,0,0,0,0,0,0,3,18,12,2002,Wednesday
122.0,tt0167260,The Lord of the Rings: The Return of the King,2003-12-01,201.0,1118888979.0,1,1,0,0,0,0,0,0,1,0,0,0,0,0,0,0,0,0,0,3,1,12,2003,Monday
123.0,tt0077869,The Lord of the Rings,1978-11-15,132.0,30471420.0,0,1,1,0,0,0,0,0,1,0,0,0,0,0,0,0,0,0,0,3,15,11,1978,Wednesday
124.0,tt0086961,Bez końca,1985-06-17,108.0,0.0,0,0,0,0,0,0,1,0,0,0,0,0,0,0,0,0,0,0,0,1,17,6,1985,Monday
125.0,tt0080668,Dworzec,1980-01-01,13.0,0.0,0,0,0,0,0,1,0,0,0,0,0,0,0,0,0,0,0,0,0,1,1,1,1980,Tuesday
126.0,tt0082631,Krótki dzień pracy,1995-11-02,73.0,0.0,0,0,0,0,0,0,1,0,0,0,0,0,0,0,0,0,0,0,0,1,2,11,1995,Thursday
127.0,tt0084549,Przypadek,1987-01-10,123.0,0.0,0,0,0,0,0,0,1,0,0,0,0,0,0,0,0,0,0,0,0,1,10,1,1987,Saturday
128.0,tt0119698,もののけ姫,1997-07-12,134.0,159414369.0,0,1,1,0,0,0,0,0,1,0,0,0,0,0,0,0,0,0,0,3,12,7,1997,Saturday
129.0,tt0245429,千と千尋の神隠し,2001-07-20,125.0,274925095.0,0,0,1,0,0,0,0,1,1,0,0,0,0,0,0,0,0,0,0,3,20,7,2001,Friday
132.0,tt0065780,Gimme Shelter,1970-12-13,92.0,252570.0,0,0,0,0,0,1,0,0,0,0,0,1,0,0,0,0,0,0,0,2,13,12,1970,Sunday
133.0,tt0054205,Primary,1960-01-01,60.0,0.0,0,0,0,0,0,1,0,0,0,0,0,0,0,0,0,0,0,0,0,1,1,1,1960,Friday
134.0,tt0190590,"O Brother, Where Art Thou?",2000-08-30,107.0,71868327.0,0,1,0,1,1,0,0,0,0,0,0,0,0,0,0,0,0,0,0,3,30,8,2000,Wednesday
135.0,tt0061589,Bob Dylan - Dont Look Back,1967-05-17,96.0,0.0,0,0,0,0,0,1,0,0,0,0,0,1,0,0,0,0,0,0,0,2,17,5,1967,Wednesday
136.0,tt0022913,Freaks,1932-02-12,62.0,0.0,0,0,0,0,0,0,1,0,0,0,1,0,0,0,0,0,0,0,0,2,12,2,1932,Friday
137.0,tt0107048,Groundhog Day,1993-02-11,101.0,71074049.0,0,0,0,1,0,0,1,0,1,0,0,0,0,1,0,0,0,0,0,4,11,2,1993,Thursday
138.0,tt0021814,Dracula,1931-02-12,74.0,700000.0,0,0,0,0,0,0,1,0,1,0,1,0,0,0,0,0,0,0,0,3,12,2,1931,Thursday
139.0,tt0164756,Mifunes sidste sang,1999-03-12,98.0,0.0,0,0,0,1,0,0,1,0,0,0,0,0,0,1,0,0,0,0,0,3,12,3,1999,Friday
140.0,tt0275491,La mala educación,2004-03-19,106.0,40266982.0,0,0,0,0,1,0,1,0,0,0,0,0,0,0,0,0,0,0,0,2,19,3,2004,Friday
141.0,tt0246578,Donnie Darko,2001-10-24,114.0,7500000.0,0,0,0,0,0,0,1,0,1,0,0,0,1,0,0,0,0,0,0,3,24,10,2001,Wednesday
142.0,tt0388795,Brokeback Mountain,2005-09-10,134.0,178043761.0,0,0,0,0,0,0,1,0,0,0,0,0,0,1,0,0,0,0,0,2,10,9,2005,Saturday
143.0,tt0020629,All Quiet on the Western Front,1930-04-29,133.0,3270000.0,0,0,0,0,0,0,1,0,0,0,0,0,0,0,0,0,0,1,0,2,29,4,1930,Tuesday
144.0,tt0093191,Der Himmel über Berlin,1987-05-17,128.0,3210139.0,0,0,0,0,0,0,1,0,1,0,0,0,0,1,0,0,0,0,0,3,17,5,1987,Sunday
145.0,tt0115751,Breaking the Waves,1996-05-13,159.0,3803298.0,0,0,0,0,0,0,1,0,0,0,0,0,0,1,0,0,0,0,0,2,13,5,1996,Monday
146.0,tt0190332,卧虎藏龍,2000-07-06,120.0,213525736.0,1,1,0,0,0,0,1,0,0,0,0,0,0,1,0,0,0,0,0,4,6,7,2000,Thursday
147.0,tt0053198,Les Quatre Cents Coups,1959-06-03,99.0,0.0,0,0,0,0,0,0,1,0,0,0,0,0,0,0,0,0,0,0,0,1,3,6,1959,Wednesday
148.0,tt0430576,The Secret Life of Words,2005-12-15,112.0,0.0,0,0,0,0,0,0,1,0,0,0,0,0,0,1,0,0,0,0,0,2,15,12,2005,Thursday
149.0,tt0094625,アキラ,1988-07-16,124.0,553171.0,1,0,1,0,0,0,0,0,0,0,0,0,0,0,1,0,0,0,0,3,16,7,1988,Saturday
150.0,tt0083511,48 Hrs.,1982-12-07,96.0,78868508.0,1,0,0,1,1,0,1,0,0,0,0,0,0,0,0,0,1,0,0,5,7,12,1982,Tuesday
152.0,tt0079945,Star Trek: The Motion Picture,1979-12-07,132.0,139000000.0,0,1,0,0,0,0,0,0,0,0,0,0,1,0,1,0,0,0,0,3,7,12,1979,Friday
153.0,tt0335266,Lost in Translation,2003-09-18,102.0,119723856.0,0,0,0,1,0,0,1,0,0,0,0,0,0,1,0,0,0,0,0,3,18,9,2003,Thursday
154.0,tt0084726,Star Trek II: The Wrath of Khan,1982-06-04,113.0,96800000.0,1,1,0,0,0,0,0,0,0,0,0,0,0,0,1,0,1,0,0,4,4,6,1982,Friday
155.0,tt0468569,The Dark Knight,2008-07-14,152.0,1004558444.0,1,0,0,0,1,0,1,0,0,0,0,0,0,0,0,0,1,0,0,4,14,7,2008,Monday
156.0,tt0329767,Wilbur begår selvmord,2002-11-08,111.0,0.0,0,0,0,1,0,0,1,0,0,0,0,0,0,1,0,0,0,0,0,3,8,11,2002,Friday
157.0,tt0088170,Star Trek III: The Search for Spock,1984-06-01,105.0,87000000.0,1,1,0,0,0,0,0,0,0,0,0,0,0,0,1,0,1,0,0,4,1,6,1984,Friday
158.0,tt0119472,Knockin' on Heaven's Door,1997-02-20,87.0,0.0,0,0,0,1,1,0,0,0,0,0,0,0,0,0,0,0,0,0,0,2,20,2,1997,Thursday
159.0,tt0109255,Der bewegte Mann,1994-10-05,90.0,0.0,0,0,0,1,0,0,1,0,0,0,0,0,0,0,0,0,0,0,0,2,5,10,1994,Wednesday
160.0,tt0000012,L'arrivée d'un train à La Ciotat,1897-06-01,1.0,0.0,0,0,0,0,0,1,0,0,0,0,0,0,0,0,0,0,0,0,0,1,1,6,1897,Tuesday
161.0,tt0240772,Ocean's Eleven,2001-12-07,116.0,450717150.0,0,0,0,0,1,0,0,0,0,0,0,0,0,0,0,0,1,0,0,2,7,12,2001,Friday
162.0,tt0099487,Edward Scissorhands,1990-12-05,105.0,53000000.0,0,0,0,0,0,0,1,0,1,0,0,0,0,1,0,0,0,0,0,3,5,12,1990,Wednesday
163.0,tt0349903,Ocean's Twelve,2004-12-09,125.0,362744280.0,0,0,0,0,1,0,0,0,0,0,0,0,0,0,0,0,1,0,0,2,9,12,2004,Thursday
164.0,tt0054698,Breakfast at Tiffany's,1961-10-06,114.0,9500000.0,0,0,0,1,0,0,0,0,0,0,0,0,0,1,0,0,0,0,0,2,6,10,1961,Friday
165.0,tt0096874,Back to the Future Part II,1989-11-22,108.0,332000000.0,0,1,0,1,0,0,0,1,0,0,0,0,0,0,1,0,0,0,0,4,22,11,1989,Wednesday
166.0,tt0082100,La Boum,1980-12-17,110.0,0.0,0,0,0,1,0,0,1,0,0,0,0,0,0,1,0,0,0,0,0,3,17,12,1980,Wednesday
167.0,tt0272152,K-PAX,2001-10-22,120.0,50315140.0,0,0,0,0,0,0,1,0,0,0,0,0,0,0,1,0,0,0,0,2,22,10,2001,Monday
168.0,tt0092007,Star Trek IV: The Voyage Home,1986-11-26,119.0,133000000.0,0,1,0,0,0,0,0,0,0,0,0,0,0,0,1,0,0,0,0,2,26,11,1986,Wednesday
169.0,tt0100403,Predator 2,1990-11-20,108.0,57120318.0,1,0,0,0,0,0,0,0,0,0,0,0,0,0,1,0,1,0,0,3,20,11,1990,Tuesday
170.0,tt0289043,28 Days Later,2002-10-31,113.0,85720385.0,0,0,0,0,0,0,0,0,0,0,1,0,0,0,1,0,1,0,0,3,31,10,2002,Thursday
171.0,tt0083686,La Boum 2,1982-12-08,109.0,0.0,0,0,0,1,0,0,1,0,0,0,0,0,0,1,0,0,0,0,0,3,8,12,1982,Wednesday
172.0,tt0098382,Star Trek V: The Final Frontier,1989-06-09,107.0,70200000.0,1,1,0,0,0,0,0,0,0,0,0,0,0,0,1,0,1,0,0,4,9,6,1989,Friday
173.0,tt0046672,"20,000 Leagues Under the Sea",1954-12-23,127.0,28200000.0,0,1,0,0,0,0,1,1,1,0,0,0,0,0,1,0,0,0,0,5,23,12,1954,Thursday
174.0,tt0102975,Star Trek VI: The Undiscovered Country,1991-12-06,113.0,96900000.0,1,1,0,0,0,0,0,0,0,0,0,0,0,0,1,0,1,0,0,4,6,12,1991,Friday
175.0,tt0095250,Le Grand Bleu,1988-05-10,168.0,0.0,0,1,0,0,0,0,1,0,0,0,0,0,0,1,0,0,0,0,0,3,10,5,1988,Tuesday
176.0,tt0387564,Saw,2004-10-01,103.0,103911669.0,0,0,0,0,1,0,0,0,0,0,1,0,1,0,0,0,0,0,0,3,1,10,2004,Friday
177.0,tt0101889,The Fisher King,1991-09-20,138.0,41895491.0,0,0,0,1,0,0,1,0,0,0,0,0,0,0,0,0,0,0,0,2,20,9,1991,Friday
178.0,tt0109303,Blown Away,1994-07-01,121.0,30156002.0,1,0,0,0,1,0,1,0,0,0,0,0,0,0,0,0,1,0,0,4,1,7,1994,Friday
179.0,tt0373926,The Interpreter,2005-04-08,128.0,162944923.0,0,0,0,0,1,0,0,0,0,0,0,0,0,0,0,0,1,0,0,2,8,4,2005,Friday
180.0,tt0181689,Minority Report,2002-06-20,145.0,358372926.0,1,0,0,0,0,0,0,0,0,0,0,0,1,0,1,0,1,0,0,4,20,6,2002,Thursday
182.0,tt0452624,The Good German,2006-12-08,108.0,5914908.0,0,0,0,0,0,0,1,0,0,0,0,0,1,0,0,0,1,0,0,3,8,12,2006,Friday
183.0,tt0098663,The Wizard,1989-12-15,100.0,14278900.0,0,1,0,1,0,0,1,1,0,0,0,0,0,0,0,0,0,0,0,4,15,12,1989,Friday
184.0,tt0119396,Jackie Brown,1997-04-10,154.0,39673162.0,0,0,0,0,1,0,1,0,0,0,0,0,0,0,0,0,1,0,0,3,10,4,1997,Thursday
185.0,tt0066921,A Clockwork Orange,1971-12-19,137.0,26589000.0,0,0,0,0,0,0,1,0,0,0,0,0,0,0,1,0,0,0,0,2,19,12,1971,Sunday
186.0,tt0425210,Lucky Number Slevin,2006-02-24,110.0,56308881.0,0,0,0,0,1,0,1,0,0,0,0,0,1,0,0,0,1,0,0,4,24,2,2006,Friday
187.0,tt0401792,Sin City,2005-04-01,124.0,158733820.0,1,0,0,0,1,0,0,0,0,0,0,0,0,0,0,0,1,0,0,3,1,4,2005,Friday
189.0,tt0458481,Sin City: A Dame to Kill For,2014-08-20,102.0,39407616.0,1,0,0,0,1,0,0,0,0,0,0,0,0,0,0,0,1,0,0,3,20,8,2014,Wednesday
190.0,,Das Dorf der Freundschaft,2001-08-25,52.0,0.0,0,0,0,0,0,1,0,0,0,0,0,0,0,0,0,0,0,0,0,1,25,8,2001,Saturday
191.0,tt0248103,Die innere Sicherheit,2001-02-01,106.0,0.0,0,0,0,0,0,0,1,0,0,0,0,0,0,0,0,0,0,0,0,1,1,2,2001,Thursday
192.0,tt0091605,The Name of the Rose,1986-09-24,130.0,77200000.0,0,0,0,0,0,0,1,0,0,0,0,0,1,0,0,0,1,0,0,3,24,9,1986,Wednesday
193.0,tt0111280,Star Trek: Generations,1994-11-18,118.0,120000000.0,1,1,0,0,0,0,0,0,0,0,0,0,0,0,1,0,1,0,0,4,18,11,1994,Friday
194.0,tt0211915,Le Fabuleux Destin d'Amélie Poulain,2001-04-25,122.0,173921954.0,0,0,0,1,0,0,0,0,0,0,0,0,0,1,0,0,0,0,0,2,25,4,2001,Wednesday
195.0,tt0023622,Trouble in Paradise,1932-10-30,83.0,0.0,0,0,0,1,1,0,0,0,0,0,0,0,0,1,0,0,0,0,0,3,30,10,1932,Sunday
196.0,tt0099088,Back to the Future Part III,1990-05-25,119.0,244527583.0,0,1,0,1,0,0,0,0,0,0,0,0,0,0,1,0,0,0,0,3,25,5,1990,Friday
197.0,tt0112573,Braveheart,1995-03-14,178.0,213216216.0,1,0,0,0,0,0,1,0,0,1,0,0,0,0,0,0,0,1,0,4,14,3,1995,Tuesday
198.0,tt0035446,To Be or Not to Be,1942-03-05,99.0,0.0,0,0,0,1,0,0,0,0,0,0,0,0,0,0,0,0,0,1,0,2,5,3,1942,Thursday
199.0,tt0117731,Star Trek: First Contact,1996-11-22,111.0,150000000.0,1,1,0,0,0,0,0,0,0,0,0,0,0,0,1,0,1,0,0,4,22,11,1996,Friday
200.0,tt0120844,Star Trek: Insurrection,1998-12-11,103.0,118000000.0,1,1,0,0,0,0,0,0,0,0,0,0,0,0,1,0,1,0,0,4,11,12,1998,Friday
201.0,tt0253754,Star Trek: Nemesis,2002-12-13,117.0,67312826.0,1,1,0,0,0,0,0,0,0,0,0,0,0,0,1,0,1,0,0,4,13,12,2002,Friday
203.0,tt0070379,Mean Streets,1973-10-14,112.0,3000000.0,0,0,0,0,1,0,1,0,0,0,0,0,0,0,0,0,0,0,0,2,14,10,1973,Sunday
204.0,tt0046268,Le Salaire de la peur,1953-04-22,153.0,0.0,0,1,0,0,0,0,1,0,0,0,0,0,0,0,0,0,1,0,0,3,22,4,1953,Wednesday
205.0,tt0395169,Hotel Rwanda,2004-03-04,121.0,38000000.0,0,0,0,0,0,0,1,0,0,1,0,0,0,0,0,0,0,1,0,3,4,3,2004,Thursday
206.0,tt0287624,Paradise Found,2003-01-01,89.0,0.0,0,0,0,0,0,0,1,0,0,0,0,0,0,0,0,0,0,0,0,1,1,1,2003,Wednesday
207.0,tt0097165,Dead Poets Society,1989-06-02,128.0,235860116.0,0,0,0,0,0,0,1,0,0,0,0,0,0,0,0,0,0,0,0,1,2,6,1989,Friday
211.0,tt0276820,Berlin is in Germany,2001-11-01,97.0,0.0,0,0,0,1,0,0,1,0,0,0,0,0,0,0,0,0,0,0,0,2,1,11,2001,Thursday
212.0,tt0036613,Arsenic and Old Lace,1944-09-01,118.0,0.0,0,0,0,1,1,0,0,0,0,0,0,0,0,0,0,0,0,0,0,2,1,9,1944,Friday
213.0,tt0053125,North by Northwest,1959-07-08,136.0,13275000.0,0,0,0,0,0,0,0,0,0,0,0,0,1,0,0,0,1,0,0,2,8,7,1959,Wednesday
214.0,tt0489270,Saw III,2006-10-27,114.0,164874275.0,0,0,0,0,1,0,0,0,0,0,1,0,0,0,0,0,1,0,0,3,27,10,2006,Friday
215.0,tt0432348,Saw II,2005-10-28,89.0,147748505.0,0,0,0,0,0,0,0,0,0,0,1,0,0,0,0,0,0,0,0,1,28,10,2005,Friday
216.0,tt0071141,Angst essen Seele auf,1974-06-05,93.0,0.0,0,0,0,0,0,0,1,0,0,0,0,0,0,1,0,0,0,0,0,2,5,6,1974,Wednesday
217.0,tt0367882,Indiana Jones and the Kingdom of the Crystal Skull,2008-05-21,122.0,786636033.0,1,1,0,0,0,0,0,0,0,0,0,0,0,0,0,0,0,0,0,2,21,5,2008,Wednesday
218.0,tt0088247,The Terminator,1984-10-26,108.0,78371200.0,1,0,0,0,0,0,0,0,0,0,0,0,0,0,1,0,1,0,0,3,26,10,1984,Friday
219.0,tt0441909,Volver,2006-03-17,121.0,85582407.0,0,0,0,1,0,0,1,0,0,0,0,0,0,1,0,0,0,0,0,3,17,3,2006,Friday
220.0,tt0048028,East of Eden,1955-04-10,115.0,5.0,0,0,0,0,0,0,1,0,0,0,0,0,0,1,0,0,0,0,0,2,10,4,1955,Sunday
221.0,tt0048545,Rebel Without a Cause,1955-10-29,111.0,199963.0,0,0,0,0,0,0,1,0,0,0,0,0,0,0,0,0,0,0,0,1,29,10,1955,Saturday
222.0,tt0017668,Berlin: Die Sinfonie der Großstadt,1927-09-23,69.0,0.0,0,0,1,0,0,1,0,0,0,1,0,0,0,0,0,0,0,0,0,3,23,9,1927,Friday
223.0,tt0032976,Rebecca,1940-03-23,130.0,6000000.0,0,0,0,0,0,0,1,0,0,0,0,0,1,1,0,0,1,0,0,4,23,3,1940,Saturday
224.0,tt0075902,Człowiek z marmuru,1977-02-25,165.0,0.0,0,0,0,0,0,0,1,0,0,0,0,0,0,0,0,0,0,0,0,1,25,2,1977,Friday
225.0,tt0082222,Człowiek z żelaza,1981-07-27,147.0,0.0,0,0,0,0,0,0,1,0,0,1,0,0,0,0,0,0,0,0,0,2,27,7,1981,Monday
226.0,tt0171804,Boys Don't Cry,1999-09-02,118.0,11540607.0,0,0,0,0,1,0,1,0,0,0,0,0,0,0,0,0,0,0,0,2,2,9,1999,Thursday
227.0,tt0086066,The Outsiders,1983-03-25,90.0,33697647.0,0,0,0,0,1,0,1,0,0,0,0,0,0,0,0,0,0,0,0,2,25,3,1983,Friday
228.0,tt0020697,Der blaue Engel,1930-04-01,108.0,0.0,0,0,0,0,0,0,1,0,0,0,0,0,0,0,0,0,0,0,0,1,1,4,1930,Tuesday
229.0,tt0026138,The Bride of Frankenstein,1935-04-20,75.0,2000000.0,0,0,0,0,0,0,1,0,0,0,1,0,0,0,1,0,0,0,0,3,20,4,1935,Saturday
231.0,tt0365737,Syriana,2005-11-23,128.0,93974620.0,0,0,0,0,0,0,1,0,0,0,0,0,0,0,0,0,1,0,0,2,23,11,2005,Wednesday
232.0,tt0086216,Rumble Fish,1983-10-20,94.0,2494480.0,1,0,0,0,1,0,1,0,0,0,0,0,0,0,0,0,0,0,0,3,20,10,1983,Thursday
233.0,tt0080117,The Wanderers,1979-07-13,117.0,23000000.0,0,0,0,0,0,0,1,0,0,0,0,0,0,0,0,0,0,0,0,1,13,7,1979,Friday
234.0,tt0010323,Das Cabinet des Dr. Caligari,1920-02-27,77.0,8811.0,0,0,0,0,1,0,1,0,0,0,1,0,0,0,0,0,1,0,0,4,27,2,1920,Friday
235.0,tt0092005,Stand by Me,1986-08-08,89.0,52287414.0,0,0,0,0,1,0,1,0,0,0,0,0,0,0,0,0,0,0,0,2,8,8,1986,Friday
236.0,tt0110598,Muriel's Wedding,1994-09-29,106.0,15119639.0,0,0,0,1,0,0,1,0,0,0,0,0,0,1,0,0,0,0,0,3,29,9,1994,Thursday
237.0,tt0289635,Young Adam,2003-09-26,93.0,2500000.0,0,0,0,0,1,0,1,0,0,0,0,0,0,1,0,0,1,0,0,4,26,9,2003,Friday
238.0,tt0068646,The Godfather,1972-03-14,175.0,245066411.0,0,0,0,0,1,0,1,0,0,0,0,0,0,0,0,0,0,0,0,2,14,3,1972,Tuesday
239.0,tt0053291,Some Like It Hot,1959-03-19,122.0,25000000.0,0,0,0,1,1,0,0,0,0,0,0,1,0,1,0,0,0,0,0,4,19,3,1959,Thursday
240.0,tt0071562,The Godfather: Part II,1974-12-20,202.0,102600000.0,0,0,0,0,1,0,1,0,0,0,0,0,0,0,0,0,0,0,0,2,20,12,1974,Friday
241.0,tt0110632,Natural Born Killers,1994-08-25,118.0,50283563.0,0,0,0,0,1,0,1,0,0,0,0,0,0,0,0,0,1,0,0,3,25,8,1994,Thursday
242.0,tt0099674,The Godfather: Part III,1990-12-25,170.0,136766062.0,0,0,0,0,1,0,1,0,0,0,0,0,0,0,0,0,1,0,0,3,25,12,1990,Tuesday
243.0,tt0146882,High Fidelity,2000-03-17,113.0,47126295.0,0,0,0,1,0,0,1,0,0,0,0,1,0,1,0,0,0,0,0,4,17,3,2000,Friday
244.0,tt0024216,King Kong,1933-03-15,104.0,10000000.0,1,1,0,0,0,0,0,0,1,0,0,0,0,0,0,0,0,0,0,3,15,3,1933,Wednesday
245.0,tt0276751,About a Boy,2002-04-26,101.0,129000000.0,0,0,0,1,0,0,1,0,0,0,0,0,0,1,0,0,0,0,0,3,26,4,2002,Friday
246.0,tt0363226,座頭市,2003-09-06,111.0,34196922.0,1,1,0,0,0,0,1,0,0,0,0,0,0,0,0,0,0,0,0,3,6,9,2003,Saturday
247.0,tt0049406,The Killing,1956-06-06,85.0,0.0,0,0,0,0,1,0,1,0,0,0,0,0,0,0,0,0,1,0,0,3,6,6,1956,Wednesday
248.0,tt0055312,Pocketful of Miracles,1961-12-18,136.0,5000000.0,0,0,0,1,0,0,1,0,0,0,0,0,0,0,0,0,0,0,0,2,18,12,1961,Monday
249.0,tt0098621,The War of the Roses,1989-12-08,116.0,160188546.0,0,0,0,1,0,0,1,0,0,0,0,0,0,0,0,0,0,0,0,2,8,12,1989,Friday
250.0,tt0180748,I Kina spiser de hunde,1999-09-10,91.0,0.0,1,0,0,1,1,0,0,0,0,0,0,0,0,0,0,0,0,0,0,3,10,9,1999,Friday
251.0,tt0099653,Ghost,1990-07-12,127.0,505000000.0,0,0,0,0,0,0,1,0,1,0,0,0,1,1,0,0,1,0,0,5,12,7,1990,Thursday
252.0,tt0067992,Willy Wonka & the Chocolate Factory,1971-06-29,100.0,4000000.0,0,0,0,1,0,0,0,1,1,0,0,0,0,0,0,0,0,0,0,3,29,6,1971,Tuesday
253.0,tt0070328,Live and Let Die,1973-07-05,121.0,161777836.0,1,1,0,0,0,0,0,0,0,0,0,0,0,0,0,0,1,0,0,3,5,7,1973,Thursday
254.0,tt0360717,King Kong,2005-12-12,187.0,562363449.0,1,1,0,0,0,0,1,0,0,0,0,0,0,0,0,0,0,0,0,3,12,12,2005,Monday
255.0,tt0062695,Baisers volés,1968-09-04,90.0,1500000.0,0,0,0,1,0,0,1,0,0,0,0,0,0,1,0,0,0,0,0,3,4,9,1968,Wednesday
256.0,tt1180329,Antoine et Colette,1962-06-22,32.0,0.0,0,0,0,1,0,0,1,0,0,0,0,0,0,1,0,0,0,0,0,3,22,6,1962,Friday
257.0,tt0380599,Oliver Twist,2005-09-23,130.0,42580321.0,0,0,0,0,1,0,1,1,0,0,0,0,0,0,0,0,0,0,0,3,23,9,2005,Friday
258.0,tt0065651,Domicile conjugal,1970-09-09,97.0,0.0,0,0,0,1,0,0,1,0,0,0,0,0,0,1,0,0,0,0,0,3,9,9,1970,Wednesday
259.0,tt0078771,L'amour en fuite,1979-01-24,93.0,0.0,0,0,0,1,0,0,1,0,0,0,0,0,0,1,0,0,0,0,0,3,24,1,1979,Wednesday
260.0,tt0026029,The 39 Steps,1935-06-06,86.0,0.0,0,0,0,0,0,0,0,0,0,0,0,0,1,0,0,0,1,0,0,2,6,6,1935,Thursday
261.0,tt0051459,Cat on a Hot Tin Roof,1958-08-29,108.0,17570324.0,0,0,0,0,0,0,1,0,0,0,0,0,0,1,0,0,0,0,0,2,29,8,1958,Friday
262.0,tt0085794,The King of Comedy,1982-12-18,109.0,2536000.0,0,0,0,1,0,0,1,0,0,0,0,0,0,0,0,0,0,0,0,2,18,12,1982,Saturday
265.0,tt0082661,Lili Marleen,1981-01-14,120.0,0.0,0,0,0,0,0,0,1,0,0,0,0,0,0,1,0,0,0,1,0,3,14,1,1981,Wednesday
266.0,tt0057345,Le Mépris,1963-10-29,103.0,528428.0,0,0,0,0,0,0,1,0,0,0,0,0,0,0,0,0,0,0,0,1,29,10,1963,Tuesday
267.0,tt0118819,Carne trémula,1997-10-10,103.0,1535558.0,0,0,0,0,0,0,1,0,0,0,0,0,0,1,0,0,1,0,0,3,10,10,1997,Friday
268.0,tt0096895,Batman,1989-06-23,126.0,411348924.0,1,0,0,0,0,0,0,0,1,0,0,0,0,0,0,0,0,0,0,2,23,6,1989,Friday
269.0,tt0053472,À bout de souffle,1960-03-16,90.0,0.0,0,0,0,0,1,0,1,0,0,0,0,0,0,0,0,0,0,0,0,2,16,3,1960,Wednesday
270.0,tt0997275,Wir sagen Du! Schatz.,2007-11-01,98.0,0.0,0,0,0,1,0,0,1,0,1,0,0,0,0,0,0,0,0,0,0,3,1,11,2007,Thursday
271.0,tt0088015,Ronja Rövardotter,1984-12-14,126.0,0.0,0,1,0,0,0,0,1,1,1,0,0,0,0,0,0,0,0,0,0,4,14,12,1984,Friday
272.0,tt0372784,Batman Begins,2005-06-10,140.0,374218673.0,1,0,0,0,1,0,1,0,0,0,0,0,0,0,0,0,0,0,0,3,10,6,2005,Friday
273.0,tt0276617,Das weisse Rauschen,2001-12-31,107.0,0.0,0,0,0,0,0,0,1,0,0,0,0,0,0,0,0,0,0,0,0,1,31,12,2001,Monday
274.0,tt0102926,The Silence of the Lambs,1991-02-01,119.0,272742922.0,0,0,0,0,1,0,1,0,0,0,0,0,0,0,0,0,1,0,0,3,1,2,1991,Friday
275.0,tt0116282,Fargo,1996-03-08,98.0,60611975.0,0,0,0,0,1,0,1,0,0,0,0,0,0,0,0,0,1,0,0,3,8,3,1996,Friday
276.0,tt0408777,Die fetten Jahre sind vorbei,2004-10-25,127.0,0.0,0,0,0,1,0,0,1,0,0,0,0,0,0,0,0,0,0,0,0,2,25,10,2004,Monday
277.0,tt0320691,Underworld,2003-09-19,122.0,95708457.0,1,0,0,0,0,0,0,0,1,0,0,0,0,0,0,0,1,0,0,3,19,9,2003,Friday
278.0,tt0111161,The Shawshank Redemption,1994-09-23,142.0,28341469.0,0,0,0,0,1,0,1,0,0,0,0,0,0,0,0,0,0,0,0,2,23,9,1994,Friday
279.0,tt0086879,Amadeus,1984-09-19,160.0,51973029.0,0,0,0,0,0,0,1,0,0,1,0,1,0,0,0,0,0,0,0,3,19,9,1984,Wednesday
280.0,tt0103064,Terminator 2: Judgment Day,1991-07-03,137.0,520000000.0,1,0,0,0,0,0,0,0,0,0,0,0,0,0,1,0,1,0,0,3,3,7,1991,Wednesday
281.0,tt0114558,Strange Days,1995-10-13,145.0,7959291.0,0,0,0,0,1,0,1,0,0,0,0,0,0,0,1,0,1,0,0,4,13,10,1995,Friday
284.0,tt0053604,The Apartment,1960-06-21,125.0,25000000.0,0,0,0,1,0,0,1,0,0,0,0,0,0,1,0,0,0,0,0,3,21,6,1960,Tuesday
285.0,tt0449088,Pirates of the Caribbean: At World's End,2007-05-19,169.0,961000000.0,1,1,0,0,0,0,0,0,1,0,0,0,0,0,0,0,0,0,0,3,19,5,2007,Saturday
286.0,tt0853060,Deutschland. Ein Sommermärchen,2006-10-03,110.0,0.0,0,0,0,0,0,1,0,0,0,0,0,0,0,0,0,0,0,0,0,1,3,10,2006,Tuesday
287.0,tt0094812,Bull Durham,1988-06-15,108.0,50888000.0,0,0,0,1,0,0,0,0,0,0,0,0,0,1,0,0,0,0,0,2,15,6,1988,Wednesday
288.0,tt0044706,High Noon,1952-06-09,85.0,8000000.0,0,0,0,0,0,0,0,0,0,0,0,0,0,0,0,0,1,0,1,2,9,6,1952,Monday
289.0,tt0034583,Casablanca,1942-11-26,102.0,10462500.0,0,0,0,0,0,0,1,0,0,0,0,0,0,1,0,0,0,0,0,2,26,11,1942,Thursday
290.0,tt0101410,Barton Fink,1991-08-01,117.0,6153939.0,0,0,0,1,1,0,1,0,0,0,0,0,0,0,0,0,0,0,0,3,1,8,1991,Thursday
291.0,tt0389326,Riding Giants,2004-07-09,105.0,3166000.0,0,0,0,0,0,1,0,0,0,0,0,0,0,0,0,0,0,0,0,1,9,7,2004,Friday
292.0,tt0425598,Dave Chappelle's Block Party,2005-09-12,100.0,11718595.0,0,0,0,1,0,1,0,0,0,0,0,1,0,0,0,0,0,0,0,3,12,9,2005,Monday
293.0,tt0105265,A River Runs Through It,1992-10-09,123.0,43440294.0,0,0,0,0,0,0,1,1,0,0,0,0,0,0,0,0,0,0,0,2,9,10,1992,Friday
294.0,tt0089015,Desert Hearts,1985-10-01,91.0,2400000.0,0,0,0,0,0,0,1,0,0,0,0,0,0,1,0,0,0,0,0,2,1,10,1985,Tuesday
296.0,tt0181852,Terminator 3: Rise of the Machines,2003-07-02,109.0,435000000.0,1,0,0,0,0,0,0,0,0,0,0,0,0,0,1,0,1,0,0,3,2,7,2003,Wednesday
297.0,tt0119643,Meet Joe Black,1998-11-12,178.0,142940100.0,0,0,0,0,0,0,1,0,1,0,0,0,0,1,0,0,0,0,0,3,12,11,1998,Thursday
298.0,tt0496806,Ocean's Thirteen,2007-06-06,122.0,311312624.0,0,0,0,0,1,0,0,0,0,0,0,0,0,0,0,0,1,0,0,2,6,6,2007,Wednesday
299.0,tt0054135,Ocean's Eleven,1960-08-10,127.0,2800000.0,0,0,0,1,1,0,0,0,0,0,0,1,0,0,0,0,1,0,0,4,10,8,1960,Wednesday
300.0,tt0354899,La Science des rêves,2006-02-11,105.0,9524340.0,0,0,0,1,0,0,1,0,1,0,0,0,0,0,0,0,0,0,0,3,11,2,2006,Saturday
301.0,tt0053221,Rio Bravo,1959-03-17,141.0,5800000.0,0,0,0,0,0,0,0,0,0,0,0,0,0,0,0,0,0,0,1,1,17,3,1959,Tuesday
302.0,tt0324133,Swimming Pool,2003-05-21,102.0,22441323.0,0,0,0,0,1,0,0,0,0,0,0,0,0,0,0,0,1,0,0,2,21,5,2003,Wednesday
303.0,tt0038787,Notorious,1946-08-21,103.0,24500000.0,0,0,0,0,0,0,0,0,0,0,0,0,1,1,0,0,1,0,0,3,21,8,1946,Wednesday
306.0,tt0109254,Beverly Hills Cop III,1994-05-24,105.0,119208989.0,1,0,0,1,1,0,0,0,0,0,0,0,0,0,0,0,0,0,0,3,24,5,1994,Tuesday
307.0,tt0038890,Roma città aperta,1945-10-08,103.0,0.0,0,0,0,0,0,0,1,0,0,1,0,0,0,0,0,0,0,0,0,2,8,10,1945,Monday
308.0,tt0412019,Broken Flowers,2005-08-05,106.0,46720491.0,0,0,0,1,0,0,1,0,0,0,0,0,1,1,0,0,0,0,0,4,5,8,2005,Friday
309.0,tt0154420,Festen,1998-06-19,105.0,0.0,0,0,0,0,0,0,1,0,0,0,0,0,0,0,0,0,0,0,0,1,19,6,1998,Friday
310.0,tt0315327,Bruce Almighty,2003-05-23,101.0,484592874.0,0,0,0,1,0,0,0,0,1,0,0,0,0,0,0,0,0,0,0,2,23,5,2003,Friday
311.0,tt0087843,Once Upon a Time in America,1984-05-23,229.0,5472914.0,0,0,0,0,1,0,1,0,0,0,0,0,0,0,0,0,0,0,0,2,23,5,1984,Wednesday
312.0,tt0116692,Jenseits der Stille,1996-12-18,109.0,0.0,0,0,0,0,0,0,1,0,0,0,0,1,0,0,0,0,0,0,0,2,18,12,1996,Wednesday
313.0,tt0448124,Snow Cake,2006-09-08,112.0,1381665.0,0,0,0,0,0,0,1,0,0,0,0,0,0,1,0,0,0,0,0,2,8,9,2006,Friday
314.0,tt0327554,Catwoman,2004-07-22,104.0,82102379.0,1,0,0,0,1,0,0,0,1,0,0,0,1,0,0,0,0,0,0,4,22,7,2004,Thursday
315.0,tt0059170,"Faster, Pussycat! Kill! Kill!",1965-08-06,84.0,0.0,1,0,0,1,1,0,0,0,0,0,0,0,0,0,0,0,0,0,0,3,6,8,1965,Friday
316.0,tt0304126,Halbe Treppe,2002-02-12,111.0,0.0,0,0,0,1,0,0,1,0,0,0,0,0,0,0,0,0,0,0,0,2,12,2,2002,Tuesday
317.0,tt0464029,Grbavica,2006-03-01,90.0,0.0,0,0,0,0,0,0,1,0,0,1,0,0,0,0,0,0,0,0,0,2,1,3,2006,Wednesday
318.0,tt0120753,The Million Dollar Hotel,2000-02-09,122.0,105983.0,0,0,0,0,0,0,1,0,0,0,0,0,0,0,0,0,1,0,0,2,9,2,2000,Wednesday
319.0,tt0108399,True Romance,1993-09-09,120.0,12600000.0,1,0,0,0,1,0,0,0,0,0,0,0,0,1,0,0,1,0,0,4,9,9,1993,Thursday
320.0,tt0278504,Insomnia,2002-05-24,118.0,113714830.0,0,0,0,0,1,0,0,0,0,0,0,0,1,0,0,0,1,0,0,3,24,5,2002,Friday
321.0,tt0330602,Mambo Italiano,2003-06-06,89.0,3031801.0,0,0,0,1,0,0,0,0,0,0,0,0,0,1,0,0,0,0,0,2,6,6,2003,Friday
322.0,tt0327056,Mystic River,2003-01-01,138.0,156822020.0,0,0,0,0,1,0,1,0,0,0,0,0,1,0,0,0,1,0,0,4,1,1,2003,Wednesday
326.0,tt0417148,Snakes on a Plane,2006-08-17,105.0,62022014.0,1,0,0,0,1,0,0,0,0,0,1,0,0,0,0,0,1,0,0,4,17,8,2006,Thursday
327.0,tt0222851,Brother,2000-12-13,114.0,15250000.0,0,0,0,0,1,0,1,0,0,0,0,0,0,0,0,0,1,0,0,3,13,12,2000,Wednesday
329.0,tt0107290,Jurassic Park,1993-06-11,127.0,920100000.0,0,1,0,0,0,0,0,0,0,0,0,0,0,0,1,0,0,0,0,2,11,6,1993,Friday
330.0,tt0119567,The Lost World: Jurassic Park,1997-05-23,129.0,618638999.0,1,1,0,0,0,0,0,0,0,0,0,0,0,0,1,0,0,0,0,3,23,5,1997,Friday
331.0,tt0163025,Jurassic Park III,2001-07-18,92.0,368780809.0,1,1,0,0,0,0,0,0,0,0,0,0,0,0,1,0,1,0,0,4,18,7,2001,Wednesday
332.0,tt0141369,Inspector Gadget,1999-07-23,78.0,134400000.0,1,1,0,1,0,0,0,1,0,0,0,0,0,0,0,0,0,0,0,4,23,7,1999,Friday
333.0,tt0303785,Bollywood/Hollywood,2002-01-01,101.0,0.0,0,0,0,1,0,0,1,0,0,0,0,1,0,1,0,0,0,0,0,4,1,1,2002,Tuesday
334.0,tt0175880,Magnolia,1999-12-10,189.0,48451803.0,0,0,0,0,0,0,1,0,0,0,0,0,0,0,0,0,0,0,0,1,10,12,1999,Friday
335.0,tt0064116,C'era una volta il West,1968-12-21,166.0,5380118.0,0,0,0,0,0,0,1,0,0,0,0,0,0,0,0,0,0,0,1,2,21,12,1968,Saturday
336.0,tt0067140,Giù la testa,1971-10-20,157.0,0.0,0,0,0,0,0,0,0,0,0,0,0,0,0,0,0,0,0,0,1,1,20,10,1971,Wednesday
337.0,tt0329388,Monsieur Ibrahim et les Fleurs du Coran,2003-09-17,91.0,11576431.0,0,0,0,0,0,0,1,0,0,0,0,0,0,0,0,0,0,0,0,1,17,9,2003,Wednesday
338.0,tt0301357,Good Bye Lenin!,2003-02-09,121.0,79384880.0,0,0,0,1,0,0,1,0,0,0,0,0,0,0,0,0,0,0,0,2,9,2,2003,Sunday
339.0,tt0102536,Night on Earth,1991-12-12,128.0,2015810.0,0,0,0,1,0,0,1,0,0,0,0,0,0,0,0,0,0,0,0,2,12,12,1991,Thursday
340.0,tt0404030,Everything Is Illuminated,2005-09-16,106.0,2697930.0,0,0,0,1,0,0,1,0,0,0,0,0,0,0,0,0,0,0,0,2,16,9,2005,Friday
341.0,tt0489010,A Crime,2006-09-11,103.0,0.0,0,0,0,0,1,0,0,0,0,0,0,0,0,0,0,0,0,0,0,1,11,9,2006,Monday
342.0,tt0420206,Sommersturm,2004-09-02,98.0,2085166.0,0,0,0,1,0,0,1,0,0,0,0,0,0,0,0,0,0,0,0,2,2,9,2004,Thursday
343.0,tt0067185,Harold and Maude,1971-12-20,91.0,0.0,0,0,0,1,0,0,1,0,0,0,0,0,0,1,0,0,0,0,0,3,20,12,1971,Monday
344.0,tt0135790,Bang Boom Bang - Ein todsicheres Ding,1999-08-26,110.0,0.0,1,0,0,1,1,0,0,0,0,0,0,0,0,0,0,0,0,0,0,3,26,8,1999,Thursday
345.0,tt0120663,Eyes Wide Shut,1999-07-16,159.0,162091208.0,0,0,0,0,0,0,1,0,0,0,0,0,1,0,0,0,1,0,0,3,16,7,1999,Friday
346.0,tt0047478,七人の侍,1954-04-26,207.0,346300.0,1,0,0,0,0,0,1,0,0,0,0,0,0,0,0,0,0,0,0,2,26,4,1954,Monday
347.0,tt0020163,Menschen am Sonntag,1930-02-04,74.0,0.0,0,0,0,0,0,0,1,0,0,0,0,0,0,0,0,0,0,0,0,1,4,2,1930,Tuesday
348.0,tt0078748,Alien,1979-05-25,117.0,104931801.0,0,0,0,0,0,0,0,0,0,0,1,0,0,0,1,0,0,0,0,2,25,5,1979,Friday
349.0,tt0428430,Crustacés et coquillages,2005-03-30,93.0,0.0,0,0,0,1,0,0,0,0,0,0,0,0,0,0,0,0,0,0,0,1,30,3,2005,Wednesday
350.0,tt0458352,The Devil Wears Prada,2006-06-29,109.0,326551094.0,0,0,0,1,0,0,1,0,0,0,0,0,0,1,0,0,0,0,0,3,29,6,2006,Thursday
351.0,tt0416213,Sehnsucht,2006-02-15,88.0,0.0,0,0,0,0,0,0,1,0,0,0,0,0,0,0,0,0,0,0,0,1,15,2,2006,Wednesday
363.0,tt0347048,Gegen die Wand,2004-03-11,117.0,11030861.0,0,0,0,0,0,0,1,0,0,0,0,0,0,1,0,0,0,0,0,2,11,3,2004,Thursday
364.0,tt0103776,Batman Returns,1992-06-19,126.0,280000000.0,1,0,0,0,0,0,0,0,1,0,0,0,0,0,0,0,0,0,0,2,19,6,1992,Friday
377.0,tt0087800,A Nightmare on Elm Street,1984-11-09,91.0,57000000.0,0,0,0,0,0,0,0,0,0,0,1,0,0,0,0,0,0,0,0,1,9,11,1984,Friday
378.0,tt0093822,Raising Arizona,1987-03-01,94.0,29180280.0,0,0,0,1,1,0,0,0,0,0,0,0,0,0,0,0,0,0,0,2,1,3,1987,Sunday
379.0,tt0100150,Miller's Crossing,1990-09-21,115.0,5080409.0,0,0,0,0,1,0,1,0,0,0,0,0,0,0,0,0,1,0,0,3,21,9,1990,Friday
380.0,tt0095953,Rain Man,1988-12-11,134.0,354825435.0,0,0,0,0,0,0,1,0,0,0,0,0,0,0,0,0,0,0,0,1,11,12,1988,Sunday
381.0,tt0048728,To Catch a Thief,1955-08-03,107.0,8750000.0,0,0,0,0,1,0,1,0,0,0,0,0,1,1,0,0,1,0,0,5,3,8,1955,Wednesday
383.0,tt0089537,Mala Noche,1986-02-05,75.0,0.0,0,0,0,0,0,0,1,0,0,0,0,0,0,0,0,0,0,0,0,1,5,2,1986,Wednesday
387.0,tt0082096,Das Boot,1981-09-17,150.0,85000000.0,0,0,0,0,0,0,1,0,0,1,0,0,0,0,0,0,0,1,0,3,17,9,1981,Thursday
388.0,tt0454848,Inside Man,2006-03-17,129.0,186003591.0,0,0,0,0,1,0,1,0,0,0,0,0,0,0,0,0,1,0,0,3,17,3,2006,Friday
389.0,tt0050083,12 Angry Men,1957-04-10,97.0,1000000.0,0,0,0,0,0,0,1,0,0,0,0,0,0,0,0,0,0,0,0,1,10,4,1957,Wednesday
390.0,tt0110361,Lisbon Story,1994-12-16,100.0,0.0,0,0,0,0,0,0,1,0,0,0,0,1,0,0,0,0,0,0,0,2,16,12,1994,Friday
391.0,tt0058461,Per un pugno di dollari,1964-01-18,99.0,14500000.0,0,0,0,0,0,0,0,0,0,0,0,0,0,0,0,0,0,0,1,1,18,1,1964,Saturday
392.0,tt0241303,Chocolat,2000-03-02,121.0,152500343.0,0,0,0,1,0,0,1,0,0,0,0,0,0,1,0,0,0,0,0,3,2,3,2000,Thursday
393.0,tt0378194,Kill Bill: Vol. 2,2004-04-16,136.0,152159461.0,1,0,0,0,1,0,0,0,0,0,0,0,0,0,0,0,1,0,0,3,16,4,2004,Friday
395.0,tt0370263,AVP: Alien vs. Predator,2004-08-12,101.0,177427090.0,1,1,0,0,0,0,0,0,0,0,1,0,0,0,1,0,0,0,0,4,12,8,2004,Thursday
396.0,tt0061184,Who's Afraid of Virginia Woolf?,1966-06-22,131.0,33736689.0,0,0,0,0,0,0,1,0,0,0,0,0,0,0,0,0,0,0,0,1,22,6,1966,Wednesday
397.0,tt0113117,French Kiss,1995-05-05,111.0,101982854.0,0,0,0,1,0,0,0,0,0,0,0,0,0,1,0,0,0,0,0,2,5,5,1995,Friday
398.0,tt0379725,Capote,2005-09-30,114.0,49327405.0,0,0,0,0,1,0,1,0,0,0,0,0,0,0,0,0,0,0,0,2,30,9,2005,Friday
400.0,tt0114660,Things to Do in Denver When You're Dead,1995-12-01,116.0,529766.0,0,0,0,0,1,0,1,0,0,0,0,0,0,0,0,0,0,0,0,2,1,12,1995,Friday
401.0,tt0333766,Garden State,2004-07-28,102.0,26781723.0,0,0,0,1,0,0,1,0,0,0,0,0,0,1,0,0,0,0,0,3,28,7,2004,Wednesday
402.0,tt0103772,Basic Instinct,1992-03-20,127.0,352927224.0,0,0,0,0,0,0,0,0,0,0,0,0,1,0,0,0,1,0,0,2,20,3,1992,Friday
403.0,tt0097239,Driving Miss Daisy,1989-12-13,99.0,145793296.0,0,0,0,0,0,0,1,0,0,0,0,0,0,0,0,0,0,0,0,1,13,12,1989,Wednesday
404.0,tt0166896,The Straight Story,1999-10-15,112.0,6203044.0,0,0,0,0,0,0,1,0,0,0,0,0,0,0,0,0,0,0,0,1,15,10,1999,Friday
405.0,tt0047528,La strada,1954-09-23,115.0,0.0,0,0,0,0,0,0,1,0,0,0,0,0,0,0,0,0,0,0,0,1,23,9,1954,Thursday
406.0,tt0113247,La Haine,1995-05-31,98.0,15300000.0,0,0,0,0,0,0,1,0,0,0,0,0,0,0,0,0,0,0,0,1,31,5,1995,Wednesday
407.0,tt0162426,Kurz und schmerzlos,1998-10-15,93.0,0.0,0,0,0,0,1,0,1,0,0,0,0,0,0,0,0,0,1,0,0,3,15,10,1998,Thursday
408.0,tt0029583,Snow White and the Seven Dwarfs,1937-12-21,83.0,184925486.0,0,0,1,0,0,0,0,1,1,0,0,0,0,0,0,0,0,0,0,3,21,12,1937,Tuesday
409.0,tt0116209,The English Patient,1996-11-05,162.0,231976425.0,0,0,0,0,0,0,1,0,0,0,0,0,0,1,0,0,0,1,0,3,5,11,1996,Tuesday
410.0,tt0477877,Sommer vorm Balkon,2005-09-09,105.0,0.0,0,0,0,1,0,0,1,0,0,0,0,0,0,0,0,0,0,0,0,2,9,9,2005,Friday
411.0,tt0363771,"The Chronicles of Narnia: The Lion, the Witch and the Wardrobe",2005-12-07,143.0,745013115.0,0,1,0,0,0,0,0,1,1,0,0,0,0,0,0,0,0,0,0,3,7,12,2005,Wednesday
414.0,tt0112462,Batman Forever,1995-06-16,121.0,336529144.0,1,0,0,0,1,0,0,0,1,0,0,0,0,0,0,0,0,0,0,3,16,6,1995,Friday
415.0,tt0118688,Batman & Robin,1997-06-20,125.0,238207122.0,1,0,0,0,0,0,0,0,1,0,0,0,0,0,1,0,0,0,0,3,20,6,1997,Friday
419.0,tt0383041,Vom Suchen und Finden der Liebe,2005-01-27,105.0,0.0,0,0,0,1,0,0,1,0,0,0,0,1,0,1,0,0,0,0,0,4,27,1,2005,Thursday
421.0,tt0362270,The Life Aquatic with Steve Zissou,2004-12-10,119.0,34808403.0,0,1,0,1,0,0,1,0,0,0,0,0,0,0,0,0,0,0,0,3,10,12,2004,Friday
422.0,tt0056801,8½,1963-02-14,139.0,0.0,0,0,0,0,0,0,1,0,1,0,0,0,0,0,0,0,0,0,0,2,14,2,1963,Thursday
423.0,tt0253474,The Pianist,2002-09-17,150.0,120072577.0,0,0,0,0,0,0,1,0,0,0,0,0,0,0,0,0,0,1,0,2,17,9,2002,Tuesday
424.0,tt0108052,Schindler's List,1993-11-30,195.0,321365567.0,0,0,0,0,0,0,1,0,0,1,0,0,0,0,0,0,0,1,0,3,30,11,1993,Tuesday
425.0,tt0268380,Ice Age,2002-03-10,81.0,383257136.0,0,1,1,1,0,0,0,1,0,0,0,0,0,0,0,0,0,0,0,4,10,3,2002,Sunday
426.0,tt0052357,Vertigo,1958-05-28,128.0,7797728.0,0,0,0,0,0,0,0,0,0,0,0,0,1,1,0,0,1,0,0,3,28,5,1958,Wednesday
427.0,tt0050706,Mon oncle,1958-05-10,118.0,0.0,0,0,0,1,0,0,0,0,0,0,0,0,0,0,0,0,0,0,0,1,10,5,1958,Saturday
428.0,tt0806679,Sommer '04,2006-10-11,97.0,0.0,0,0,0,0,0,0,1,0,0,0,0,0,0,1,0,0,0,0,0,2,11,10,2006,Wednesday
429.0,tt0060196,"Il buono, il brutto, il cattivo",1966-12-23,161.0,25253887.0,0,0,0,0,0,0,0,0,0,0,0,0,0,0,0,0,0,0,1,1,23,12,1966,Friday
430.0,tt0055256,"One, Two, Three",1961-12-15,115.0,4000000.0,0,0,0,1,0,0,0,1,0,0,0,0,0,0,0,0,0,0,0,2,15,12,1961,Friday
431.0,tt0123755,Cube,1997-09-09,90.0,8969065.0,0,0,0,0,0,0,0,0,0,0,0,0,1,0,1,0,1,0,0,3,9,9,1997,Tuesday
433.0,tt0058331,Mary Poppins,1964-08-27,139.0,103082380.0,0,0,0,1,0,0,0,1,1,0,0,0,0,0,0,0,0,0,0,3,27,8,1964,Thursday
434.0,tt0475317,Knallhart,2006-03-09,98.0,0.0,0,0,0,0,0,0,1,0,0,0,0,0,0,0,0,0,1,0,0,2,9,3,2006,Thursday
435.0,tt0319262,The Day After Tomorrow,2004-05-26,124.0,552639571.0,1,1,0,0,0,0,0,0,0,0,0,0,0,0,1,0,1,0,0,4,26,5,2004,Wednesday
436.0,tt0390221,"María, llena eres de gracia",2004-01-18,101.0,12450821.0,0,0,0,0,1,0,1,0,0,0,0,0,0,0,0,0,1,0,0,3,18,1,2004,Sunday
437.0,tt0285492,Cube 2: Hypercube,2002-04-15,94.0,3563603.0,0,0,0,0,0,0,0,0,0,0,0,0,1,0,1,0,1,0,0,3,15,4,2002,Monday
438.0,tt0377713,Cube Zero,2004-10-10,97.0,0.0,0,0,0,0,0,0,0,0,0,0,0,0,1,0,1,0,1,0,0,3,10,10,2004,Sunday
439.0,tt0053779,La dolce vita,1960-02-05,176.0,19647000.0,0,0,0,1,0,0,1,0,0,0,0,0,0,0,0,0,0,0,0,2,5,2,1960,Friday
440.0,tt0758730,Aliens vs Predator: Requiem,2007-12-25,94.0,130290885.0,1,0,0,0,0,0,0,0,1,0,1,0,0,0,1,0,1,0,0,5,25,12,2007,Tuesday
441.0,tt0219822,Human Nature,2001-09-12,96.0,1600000.0,0,0,0,1,0,0,1,0,0,0,0,0,0,0,0,0,0,0,0,2,12,9,2001,Wednesday
442.0,tt0314524,Populärmusik från Vittula,2004-10-01,105.0,28000000.0,0,0,0,1,0,0,1,0,0,0,0,0,0,0,0,0,0,0,0,2,1,10,2004,Friday
445.0,tt0387898,Caché,2005-10-05,117.0,36000000.0,0,0,0,0,0,0,1,0,0,0,0,0,1,0,0,0,1,0,0,3,5,10,2005,Wednesday
446.0,tt0351238,Lichter,2003-02-11,105.0,0.0,0,0,0,0,0,0,1,0,0,0,0,0,0,0,0,0,0,0,0,1,11,2,2003,Tuesday
451.0,tt0113627,Leaving Las Vegas,1995-10-27,111.0,49800000.0,0,0,0,0,0,0,1,0,0,0,0,0,0,1,0,0,0,0,0,2,27,10,1995,Friday
452.0,tt0154421,Idioterne,1998-04-28,117.0,7235.0,0,0,0,1,0,0,1,0,0,0,0,0,0,0,0,0,0,0,0,2,28,4,1998,Tuesday
453.0,tt0268978,A Beautiful Mind,2001-12-11,135.0,313542341.0,0,0,0,0,0,0,1,0,0,0,0,0,0,1,0,0,0,0,0,2,11,12,2001,Tuesday
454.0,tt0117509,Romeo + Juliet,1996-11-01,120.0,147298761.0,0,0,0,0,0,0,1,0,0,0,0,0,0,1,0,0,0,0,0,2,1,11,1996,Friday
455.0,tt0286499,Bend It Like Beckham,2002-04-11,112.0,76578641.0,0,0,0,1,0,0,1,0,0,0,0,0,0,1,0,0,0,0,0,3,11,4,2002,Thursday
457.0,tt0048624,Sissi,1955-12-22,102.0,0.0,0,0,0,1,0,0,1,0,0,0,0,0,0,1,0,0,0,0,0,3,22,12,1955,Thursday
458.0,tt0049762,Sissi - Die junge Kaiserin,1956-12-01,107.0,0.0,0,0,0,1,0,0,1,0,0,0,0,0,0,1,0,0,0,0,0,3,1,12,1956,Saturday
459.0,tt0050974,Sissi - Schicksalsjahre einer Kaiserin,1957-12-18,109.0,0.0,0,0,0,0,0,0,1,0,0,1,0,0,0,1,0,0,0,0,0,3,18,12,1957,Wednesday
460.0,tt0416331,Alles auf Zucker!,2004-12-31,91.0,0.0,0,0,0,1,0,0,0,0,0,0,0,0,0,0,0,0,0,0,0,1,31,12,2004,Friday
462.0,tt0195685,Erin Brockovich,2000-03-17,131.0,256271286.0,0,0,0,0,0,0,1,0,0,0,0,0,0,0,0,0,0,0,0,1,17,3,2000,Friday
464.0,tt0382330,Så som i himmelen,2004-09-03,132.0,0.0,0,0,0,1,0,0,1,0,0,0,0,1,0,1,0,0,0,0,0,4,3,9,2004,Friday
465.0,tt0094596,36 Fillette,1988-03-03,88.0,0.0,0,0,0,0,0,0,1,0,0,0,0,0,0,1,0,0,0,0,0,2,3,3,1988,Thursday
466.0,tt0067309,Klute,1971-06-23,114.0,12512637.0,0,0,0,0,1,0,0,0,0,0,0,0,1,0,0,0,1,0,0,3,23,6,1971,Wednesday
467.0,tt0242527,The Hole,2001-04-20,102.0,7819851.0,0,0,0,0,1,0,1,0,0,0,1,0,0,0,0,0,1,0,0,4,20,4,2001,Friday
468.0,tt0102494,My Own Private Idaho,1991-02-01,104.0,6401336.0,0,1,0,0,0,0,1,0,0,0,0,0,0,0,0,0,0,0,0,2,1,2,1991,Friday
469.0,tt0088184,Stranger Than Paradise,1984-10-01,89.0,0.0,0,0,0,1,0,0,1,0,0,0,0,0,0,0,0,0,0,0,0,2,1,10,1984,Monday
470.0,tt0315733,21 Grams,2003-09-06,124.0,60427839.0,0,0,0,0,1,0,1,0,0,0,0,0,0,0,0,0,1,0,0,3,6,9,2003,Saturday
471.0,tt0129774,Bandyta,1997-11-07,102.0,0.0,0,0,0,0,0,0,1,0,0,0,0,0,0,0,0,0,0,0,0,1,7,11,1997,Friday
473.0,tt0138704,Pi,1998-07-10,84.0,3221152.0,0,0,0,0,0,0,1,0,0,0,0,0,1,0,0,0,1,0,0,3,10,7,1998,Friday
475.0,tt0061418,Bonnie and Clyde,1967-07-18,110.0,50700000.0,0,0,0,0,1,0,1,0,0,0,0,0,0,0,0,0,0,0,0,2,18,7,1967,Tuesday
476.0,tt0097240,Drugstore Cowboy,1989-10-20,98.0,4729352.0,0,0,0,0,1,0,1,0,0,0,0,0,0,0,0,0,0,0,0,2,20,10,1989,Friday
479.0,tt0162650,Shaft,2000-06-15,99.0,107626125.0,1,1,0,0,1,0,0,0,0,0,0,0,0,0,0,0,1,0,0,4,15,6,2000,Thursday
480.0,tt0265343,Monsoon Wedding,2001-08-30,114.0,0.0,0,0,0,1,0,0,1,0,0,0,0,0,0,1,0,0,0,0,0,3,30,8,2001,Thursday
481.0,tt0461894,7 vírgenes,2005-10-14,86.0,0.0,0,0,0,0,0,0,1,0,0,0,0,0,0,0,0,0,0,0,0,1,14,10,2005,Friday
482.0,tt0067741,Shaft,1971-06-25,100.0,12121618.0,1,0,0,0,1,0,0,0,0,0,0,0,0,0,0,0,1,0,0,3,25,6,1971,Friday
483.0,tt0100935,Wild at Heart,1990-08-17,124.0,14560247.0,0,0,0,1,1,0,0,0,0,0,0,0,0,0,0,0,1,0,0,3,17,8,1990,Friday
488.0,tt0043265,The African Queen,1952-01-07,105.0,10750000.0,0,1,0,0,0,0,0,0,0,0,0,0,0,1,0,0,0,0,0,2,7,1,1952,Monday
489.0,tt0119217,Good Will Hunting,1997-12-05,127.0,225933435.0,0,0,0,0,0,0,1,0,0,0,0,0,0,0,0,0,0,0,0,1,5,12,1997,Friday
490.0,tt0050976,Det sjunde inseglet,1957-02-16,96.0,0.0,0,0,0,0,0,0,1,0,1,0,0,0,0,0,0,0,0,0,0,2,16,2,1957,Saturday
491.0,tt0301343,Ghettokids - Brüder ohne Heimat,2002-07-04,90.0,0.0,0,0,0,0,0,0,1,0,0,0,0,0,0,0,0,0,0,0,0,1,4,7,2002,Thursday
492.0,tt0120601,Being John Malkovich,1999-10-29,113.0,22863596.0,0,0,0,1,0,0,1,0,1,0,0,0,0,0,0,0,0,0,0,3,29,10,1999,Friday
493.0,tt0069257,Shaft's Big Score!,1972-06-08,104.0,10000000.0,1,1,0,0,1,0,0,0,0,0,0,0,1,0,0,0,0,0,0,4,8,6,1972,Thursday
494.0,tt0070679,Shaft in Africa,1973-06-14,112.0,1458000.0,1,1,0,0,1,0,0,0,0,0,0,0,1,0,0,0,1,0,0,5,14,6,1973,Thursday
496.0,tt0443453,Borat: Cultural Learnings of America for Make Benefit Glorious Nation of Kazakhstan,2006-11-01,84.0,262552893.0,0,0,0,1,0,0,0,0,0,0,0,0,0,0,0,0,0,0,0,1,1,11,2006,Wednesday
497.0,tt0120689,The Green Mile,1999-12-10,189.0,286801374.0,0,0,0,0,1,0,1,0,1,0,0,0,0,0,0,0,0,0,0,3,10,12,1999,Friday
499.0,tt0055852,Cléo de 5 à 7,1962-04-11,90.0,0.0,0,0,0,0,0,0,1,0,0,0,0,0,0,0,0,0,0,0,0,1,11,4,1962,Wednesday
500.0,tt0105236,Reservoir Dogs,1992-09-02,99.0,2859750.0,0,0,0,0,1,0,0,0,0,0,0,0,0,0,0,0,1,0,0,2,2,9,1992,Wednesday
501.0,tt0427312,Grizzly Man,2005-08-12,103.0,0.0,0,0,0,0,0,1,0,0,0,0,0,0,0,0,0,0,0,0,0,1,12,8,2005,Friday
502.0,tt0058083,Fail Safe,1964-10-07,112.0,0.0,0,0,0,0,0,0,1,0,0,0,0,0,0,0,0,0,1,1,0,3,7,10,1964,Wednesday
503.0,tt0409182,Poseidon,2006-05-10,98.0,181674817.0,1,1,0,0,0,0,1,0,0,0,0,0,0,0,0,0,1,0,0,4,10,5,2006,Wednesday
504.0,tt0340855,Monster,2003-12-24,110.0,60378584.0,0,0,0,0,1,0,1,0,0,0,0,0,0,0,0,0,0,0,0,2,24,12,2003,Wednesday
505.0,tt0097626,Johnny Handsome,1989-09-12,94.0,7237794.0,0,0,0,0,1,0,1,0,0,0,0,0,0,0,0,0,0,0,0,2,12,9,1989,Tuesday
506.0,tt0058329,Marnie,1964-07-17,131.0,7000000.0,0,0,0,0,1,0,1,0,0,0,0,0,1,1,0,0,1,0,0,5,17,7,1964,Friday
507.0,tt0110265,Killing Zoe,1993-10-01,96.0,418961.0,1,0,0,0,1,0,1,0,0,0,0,0,0,0,0,0,1,0,0,4,1,10,1993,Friday
508.0,tt0314331,Love Actually,2003-09-07,135.0,244931766.0,0,0,0,1,0,0,1,0,0,0,0,0,0,1,0,0,0,0,0,3,7,9,2003,Sunday
509.0,tt0125439,Notting Hill,1999-05-21,124.0,363889678.0,0,0,0,1,0,0,1,0,0,0,0,0,0,1,0,0,0,0,0,3,21,5,1999,Friday
510.0,tt0073486,One Flew Over the Cuckoo's Nest,1975-11-18,133.0,108981275.0,0,0,0,0,0,0,1,0,0,0,0,0,0,0,0,0,0,0,0,1,18,11,1975,Tuesday
511.0,tt0072446,Ziemia obiecana,1975-02-21,170.0,0.0,0,0,0,0,0,0,1,0,0,0,0,0,0,0,0,0,0,0,0,1,21,2,1975,Friday
512.0,tt0457513,Scoop,2006-07-27,96.0,31584901.0,0,0,0,1,0,0,0,0,0,0,0,0,1,0,0,0,0,0,0,2,27,7,2006,Thursday
513.0,tt0116308,Fire,1997-08-22,108.0,501533.0,0,0,0,0,0,0,1,0,0,0,0,0,0,1,0,0,0,0,0,2,22,8,1997,Friday
521.0,tt0046912,Dial M for Murder,1954-05-29,105.0,3000000.0,0,0,0,0,1,0,0,0,0,0,0,0,0,0,0,0,1,0,0,2,29,5,1954,Saturday
522.0,tt0109707,Ed Wood,1994-09-27,127.0,5887457.0,0,0,0,1,0,0,1,0,0,1,0,0,0,0,0,0,0,0,0,3,27,9,1994,Tuesday
523.0,tt0454931,Requiem,2006-03-02,92.0,0.0,0,0,0,0,0,0,1,0,0,0,1,0,0,0,0,0,0,0,0,2,2,3,2006,Thursday
524.0,tt0112641,Casino,1995-11-22,179.0,116112375.0,0,0,0,0,1,0,1,0,0,0,0,0,0,0,0,0,0,0,0,2,22,11,1995,Wednesday
525.0,tt0080455,The Blues Brothers,1980-06-16,133.0,115229890.0,1,0,0,1,1,0,0,0,0,0,0,1,0,0,0,0,0,0,0,4,16,6,1980,Monday
526.0,tt0089457,Ladyhawke,1985-03-27,121.0,18432000.0,0,1,0,1,0,0,1,0,1,0,0,0,0,0,0,0,0,0,0,4,27,3,1985,Wednesday
527.0,tt0110729,Once Were Warriors,1994-09-02,99.0,1608570.0,0,0,0,0,0,0,1,0,0,0,0,0,0,0,0,0,0,0,0,1,2,9,1994,Friday
530.0,tt0104361,A Grand Day Out,1990-05-18,23.0,0.0,0,0,1,1,0,0,0,1,0,0,0,0,0,0,0,0,0,0,0,3,18,5,1990,Friday
531.0,tt0108598,The Wrong Trousers,1993-12-17,30.0,0.0,0,0,1,1,0,0,0,1,0,0,0,0,0,0,0,0,0,0,0,3,17,12,1993,Friday
532.0,tt0112691,A Close Shave,1995-04-10,30.0,0.0,0,0,1,1,0,0,0,1,0,0,0,0,0,0,0,0,0,0,0,3,10,4,1995,Monday
533.0,tt0312004,Wallace & Gromit: The Curse of the Were-Rabbit,2005-09-04,85.0,192610372.0,0,1,1,1,0,0,0,1,0,0,0,0,0,0,0,0,0,0,0,4,4,9,2005,Sunday
534.0,tt0438488,Terminator Salvation,2009-05-20,117.0,371353001.0,1,0,0,0,0,0,0,0,0,0,0,0,0,0,1,0,1,0,0,3,20,5,2009,Wednesday
535.0,tt0085549,Flashdance,1983-04-14,95.0,92921203.0,0,0,0,0,0,0,1,0,0,0,0,0,0,1,0,0,0,0,0,2,14,4,1983,Thursday
536.0,tt0958195,Stuttgart Shanghai,2007-03-01,60.0,0.0,0,0,0,0,0,1,0,0,0,0,0,0,0,0,0,0,0,0,0,1,1,3,2007,Thursday
537.0,tt0436445,Je ne suis pas là pour être aimé,2005-10-12,93.0,0.0,0,0,0,0,0,0,1,0,0,0,0,0,0,1,0,0,0,0,0,2,12,10,2005,Wednesday
538.0,tt0485662,Janine F.,2004-02-11,52.0,0.0,0,0,0,0,0,0,0,0,0,0,0,0,0,0,0,0,0,0,0,0,11,2,2004,Wednesday
539.0,tt0054215,Psycho,1960-06-22,109.0,50000000.0,0,0,0,0,0,0,1,0,0,0,1,0,0,0,0,0,1,0,0,3,22,6,1960,Wednesday
540.0,tt0367631,D.E.B.S.,2004-01-21,91.0,0.0,1,0,0,1,0,0,0,0,0,0,0,0,0,1,0,0,0,0,0,3,21,1,2004,Wednesday
541.0,tt0048347,The Man with the Golden Arm,1955-12-26,119.0,4350000.0,0,0,0,0,0,0,1,0,0,0,0,0,0,0,0,0,0,0,0,1,26,12,1955,Monday
542.0,tt0313196,El Crimen del Padre Amaro,2002-10-01,118.0,0.0,0,0,0,0,0,0,1,0,0,0,0,0,0,1,0,0,0,0,0,2,1,10,2002,Tuesday
543.0,tt0019702,Blackmail,1929-07-28,86.0,0.0,0,0,0,0,0,0,1,0,0,0,0,0,0,0,0,0,1,0,0,2,28,7,1929,Sunday
544.0,tt0129387,There's Something About Mary,1998-07-15,119.0,369884651.0,0,0,0,1,0,0,0,0,0,0,0,0,0,1,0,0,0,0,0,2,15,7,1998,Wednesday
546.0,tt0407265,Transamerica,2005-12-23,103.0,13350369.0,0,0,0,0,0,0,1,0,0,0,0,0,0,0,0,0,0,0,0,1,23,12,2005,Friday
547.0,tt0119314,The Horse Whisperer,1998-02-01,170.0,186883563.0,0,0,0,0,0,0,1,0,0,0,0,0,0,1,0,0,0,0,0,2,1,2,1998,Sunday
548.0,tt0042876,羅生門,1950-08-26,88.0,96568.0,0,0,0,0,1,0,1,0,0,0,0,0,1,0,0,0,0,0,0,3,26,8,1950,Saturday
549.0,tt0115632,Basquiat,1996-08-09,108.0,3011195.0,0,0,0,0,0,0,1,0,0,1,0,0,0,0,0,0,0,0,0,2,9,8,1996,Friday
550.0,tt0137523,Fight Club,1999-10-15,139.0,100853753.0,0,0,0,0,0,0,1,0,0,0,0,0,0,0,0,0,0,0,0,1,15,10,1999,Friday
551.0,tt0069113,The Poseidon Adventure,1972-12-13,117.0,84563118.0,1,1,0,0,0,0,0,0,0,0,0,0,0,0,0,0,1,0,0,3,13,12,1972,Wednesday
552.0,tt0237539,Pane e tulipani,2000-03-03,114.0,8478434.0,0,0,0,1,0,0,0,0,0,0,0,0,0,1,0,0,0,0,0,2,3,3,2000,Friday
553.0,tt0276919,Dogville,2003-05-19,178.0,16680836.0,0,0,0,0,1,0,1,0,0,0,0,0,0,0,0,0,1,0,0,3,19,5,2003,Monday
554.0,tt0308476,Кукушка,2002-01-01,100.0,0.0,0,0,0,1,0,0,1,0,0,1,0,0,0,1,0,0,0,0,0,4,1,1,2002,Tuesday
555.0,tt0442896,Absolut,2005-04-20,94.0,0.0,0,0,0,0,0,0,0,0,0,0,0,0,0,0,0,0,1,0,0,1,20,4,2005,Wednesday
557.0,tt0145487,Spider-Man,2002-05-01,121.0,821708551.0,1,0,0,0,0,0,0,0,1,0,0,0,0,0,0,0,0,0,0,2,1,5,2002,Wednesday
558.0,tt0316654,Spider-Man 2,2004-06-25,127.0,783766341.0,1,1,0,0,0,0,0,0,1,0,0,0,0,0,0,0,0,0,0,3,25,6,2004,Friday
559.0,tt0413300,Spider-Man 3,2007-05-01,139.0,890871626.0,1,1,0,0,0,0,0,0,1,0,0,0,0,0,0,0,0,0,0,3,1,5,2007,Tuesday
560.0,tt0040766,Secret Beyond the Door,1947-12-24,99.0,0.0,0,0,0,0,1,0,0,0,0,0,0,0,1,1,0,0,1,0,0,4,24,12,1947,Wednesday
561.0,tt0360486,Constantine,2005-02-08,121.0,230884728.0,1,0,0,0,0,0,0,0,1,0,1,0,0,0,0,0,0,0,0,3,8,2,2005,Tuesday
562.0,tt0095016,Die Hard,1988-07-15,131.0,140767956.0,1,0,0,0,0,0,0,0,0,0,0,0,0,0,0,0,1,0,0,2,15,7,1988,Friday
563.0,tt0120201,Starship Troopers,1997-11-07,129.0,121214377.0,1,1,0,0,0,0,0,0,0,0,0,0,0,0,1,0,1,0,0,4,7,11,1997,Friday
564.0,tt0120616,The Mummy,1999-04-16,124.0,415885488.0,1,1,0,0,0,0,0,0,1,0,0,0,0,0,0,0,0,0,0,3,16,4,1999,Friday
565.0,tt0298130,The Ring,2002-10-18,115.0,249348933.0,0,0,0,0,0,0,0,0,0,0,1,0,1,0,0,0,0,0,0,2,18,10,2002,Friday
567.0,tt0047396,Rear Window,1954-08-01,112.0,37034514.0,0,0,0,0,0,0,0,0,0,0,0,0,1,0,0,0,1,0,0,2,1,8,1954,Sunday
568.0,tt0112384,Apollo 13,1995-06-30,140.0,355237933.0,0,1,0,0,0,0,1,0,0,1,0,0,0,0,0,0,0,0,0,3,30,6,1995,Friday
570.0,tt0243255,À ma soeur!,2001-03-07,86.0,0.0,0,0,0,0,0,0,1,0,0,0,0,0,0,0,0,0,0,0,0,1,7,3,2001,Wednesday
571.0,tt0056869,The Birds,1963-03-28,119.0,11500000.0,0,0,0,0,0,0,0,0,0,0,1,0,0,0,0,0,0,0,0,1,28,3,1963,Thursday
572.0,tt0453383,Naboer,2005-03-11,75.0,0.0,0,0,0,0,0,0,0,0,0,0,1,0,1,0,0,0,1,0,0,3,11,3,2005,Friday
573.0,tt0068611,Frenzy,1972-05-25,116.0,12600000.0,0,0,0,0,1,0,0,0,0,0,1,0,0,0,0,0,1,0,0,3,25,5,1972,Thursday
574.0,tt0049470,The Man Who Knew Too Much,1956-05-16,120.0,10250000.0,0,0,0,0,1,0,1,0,0,0,0,0,1,0,0,0,1,0,0,4,16,5,1956,Wednesday
575.0,tt0250258,Das Experiment,2001-03-07,120.0,13782896.0,0,0,0,0,0,0,1,0,0,0,0,0,0,0,0,0,1,0,0,2,7,3,2001,Wednesday
576.0,tt0065214,The Wild Bunch,1969-06-17,145.0,638641.0,0,1,0,0,0,0,0,0,0,0,0,0,0,0,0,0,0,0,1,2,17,6,1969,Tuesday
577.0,tt0114681,To Die For,1995-09-22,106.0,21284514.0,0,0,0,1,1,0,1,0,0,0,0,0,0,0,0,0,0,0,0,3,22,9,1995,Friday
578.0,tt0073195,Jaws,1975-06-20,124.0,470653000.0,0,1,0,0,0,0,0,0,0,0,1,0,0,0,0,0,1,0,0,3,20,6,1975,Friday
579.0,tt0077766,Jaws 2,1978-06-16,116.0,187884007.0,0,0,0,0,0,0,0,0,0,0,1,0,0,0,0,0,1,0,0,2,16,6,1978,Friday
580.0,tt0093300,Jaws: The Revenge,1987-07-17,89.0,51881013.0,0,1,0,0,0,0,0,0,0,0,1,0,0,0,0,0,1,0,0,3,17,7,1987,Friday
581.0,tt0099348,Dances with Wolves,1990-03-30,181.0,424208848.0,0,1,0,0,0,0,1,0,0,0,0,0,0,0,0,0,0,0,1,3,30,3,1990,Friday
582.0,tt0405094,Das Leben der Anderen,2006-03-15,137.0,70000000.0,0,0,0,0,0,0,1,0,0,0,0,0,0,0,0,0,1,0,0,2,15,3,2006,Wednesday
583.0,tt0079470,Life of Brian,1979-08-17,94.0,20745728.0,0,0,0,1,0,0,0,0,0,0,0,0,0,0,0,0,0,0,0,1,17,8,1979,Friday
584.0,tt0322259,2 Fast 2 Furious,2003-06-05,108.0,236350661.0,1,0,0,0,1,0,0,0,0,0,0,0,0,0,0,0,1,0,0,3,5,6,2003,Thursday
585.0,tt0198781,"Monsters, Inc.",2001-11-01,92.0,579707738.0,0,0,1,1,0,0,0,1,0,0,0,0,0,0,0,0,0,0,0,3,1,11,2001,Thursday
586.0,tt0120885,Wag the Dog,1997-12-25,97.0,64256513.0,0,0,0,1,0,0,1,0,0,0,0,0,0,0,0,0,0,0,0,2,25,12,1997,Thursday
587.0,tt0319061,Big Fish,2003-12-25,125.0,123218424.0,0,1,0,0,0,0,1,0,1,0,0,0,0,0,0,0,0,0,0,3,25,12,2003,Thursday
588.0,tt0384537,Silent Hill,2006-04-21,125.0,100605135.0,0,0,0,0,0,0,0,0,0,0,1,0,1,0,0,0,0,0,0,2,21,4,2006,Friday
590.0,tt0274558,The Hours,2002-12-27,114.0,41597830.0,0,0,0,0,0,0,1,0,0,0,0,0,0,0,0,0,0,0,0,1,27,12,2002,Friday
591.0,tt0382625,The Da Vinci Code,2006-05-17,149.0,767820459.0,0,0,0,0,0,0,0,0,0,0,0,0,1,0,0,0,1,0,0,2,17,5,2006,Wednesday
592.0,tt0071360,The Conversation,1974-04-07,113.0,4420000.0,0,0,0,0,1,0,1,0,0,0,0,0,1,0,0,0,0,0,0,3,7,4,1974,Sunday
593.0,tt0069293,Солярис,1972-03-20,167.0,0.0,0,0,0,0,0,0,1,0,0,0,0,0,1,0,1,0,0,0,0,3,20,3,1972,Monday
594.0,tt0362227,The Terminal,2004-06-17,128.0,219417255.0,0,0,0,1,0,0,1,0,0,0,0,0,0,0,0,0,0,0,0,2,17,6,2004,Thursday
595.0,tt0056592,To Kill a Mockingbird,1962-12-20,129.0,13129846.0,0,0,0,0,1,0,1,0,0,0,0,0,0,0,0,0,0,0,0,2,20,12,1962,Thursday
596.0,tt0032551,The Grapes of Wrath,1940-03-15,129.0,1591000.0,0,0,0,0,0,0,1,0,0,0,0,0,0,0,0,0,0,0,0,1,15,3,1940,Friday
597.0,tt0120338,Titanic,1997-11-18,194.0,2187463944.0,0,0,0,0,0,0,1,0,0,0,0,0,0,1,0,0,0,0,0,2,18,11,1997,Tuesday
598.0,tt0317248,Cidade de Deus,2002-02-05,130.0,30641770.0,0,0,0,0,1,0,1,0,0,0,0,0,0,0,0,0,0,0,0,2,5,2,2002,Tuesday
599.0,tt0043014,Sunset Boulevard,1950-08-10,110.0,5000000.0,0,0,0,0,0,0,1,0,0,0,0,0,0,0,0,0,0,0,0,1,10,8,1950,Thursday
600.0,tt0093058,Full Metal Jacket,1987-06-26,117.0,46357676.0,0,0,0,0,0,0,1,0,0,0,0,0,0,0,0,0,0,1,0,2,26,6,1987,Friday
601.0,tt0083866,E.T. the Extra-Terrestrial,1982-06-11,115.0,792965500.0,0,1,0,0,0,0,0,1,1,0,0,0,0,0,1,0,0,0,0,4,11,6,1982,Friday
602.0,tt0116629,Independence Day,1996-06-25,145.0,817400891.0,1,1,0,0,0,0,0,0,0,0,0,0,0,0,1,0,0,0,0,3,25,6,1996,Tuesday
603.0,tt0133093,The Matrix,1999-03-30,136.0,463517383.0,1,0,0,0,0,0,0,0,0,0,0,0,0,0,1,0,0,0,0,2,30,3,1999,Tuesday
604.0,tt0234215,The Matrix Reloaded,2003-05-15,138.0,738599701.0,1,1,0,0,0,0,0,0,0,0,0,0,0,0,1,0,1,0,0,4,15,5,2003,Thursday
605.0,tt0242653,The Matrix Revolutions,2003-11-05,129.0,424988211.0,1,1,0,0,0,0,0,0,0,0,0,0,0,0,1,0,1,0,0,4,5,11,2003,Wednesday
606.0,tt0089755,Out of Africa,1985-12-20,161.0,128499205.0,0,0,0,0,0,0,1,0,0,1,0,0,0,1,0,0,0,0,0,3,20,12,1985,Friday
607.0,tt0119654,Men in Black,1997-07-02,98.0,589390539.0,1,1,0,1,0,0,0,0,0,0,0,0,0,0,1,0,0,0,0,4,2,7,1997,Wednesday
608.0,tt0120912,Men in Black II,2002-07-03,88.0,445135288.0,1,1,0,1,0,0,0,0,0,0,0,0,0,0,1,0,0,0,0,4,3,7,2002,Wednesday
609.0,tt0084516,Poltergeist,1982-06-04,114.0,122200000.0,0,0,0,0,0,0,0,0,0,0,1,0,0,0,0,0,0,0,0,1,4,6,1982,Friday
612.0,tt0408306,Munich,2005-12-23,164.0,130982129.0,1,0,0,0,0,0,1,0,0,1,0,0,0,0,0,0,1,0,0,4,23,12,2005,Friday
613.0,tt0363163,Der Untergang,2004-09-16,156.0,92180910.0,0,0,0,0,0,0,1,0,0,1,0,0,0,0,0,0,0,1,0,3,16,9,2004,Thursday
614.0,tt0050986,Smultronstället,1957-12-26,91.0,0.0,0,0,0,0,0,0,1,0,0,0,0,0,0,0,0,0,0,0,0,1,26,12,1957,Thursday
615.0,tt0335345,The Passion of the Christ,2004-02-25,127.0,611899420.0,0,0,0,0,0,0,1,0,0,0,0,0,0,0,0,0,0,0,0,1,25,2,2004,Wednesday
616.0,tt0325710,The Last Samurai,2003-12-05,154.0,456758981.0,1,0,0,0,0,0,1,0,0,1,0,0,0,0,0,0,0,1,0,4,5,12,2003,Friday
617.0,tt0120890,Wild Things,1998-03-20,108.0,67200000.0,0,0,0,0,0,0,1,0,0,0,0,0,1,0,0,0,1,0,0,3,20,3,1998,Friday
618.0,tt0004972,The Birth of a Nation,1915-02-08,193.0,11000000.0,0,0,0,0,0,0,1,0,0,1,0,0,0,0,0,0,0,1,0,3,8,2,1915,Monday
619.0,tt0103855,The Bodyguard,1992-11-25,129.0,411006740.0,1,0,0,0,0,0,1,0,0,0,0,1,0,1,0,0,1,0,0,5,25,11,1992,Wednesday
620.0,tt0087332,Ghostbusters,1984-06-08,107.0,296187079.0,0,0,0,1,0,0,0,0,1,0,0,0,0,0,0,0,0,0,0,2,8,6,1984,Friday
621.0,tt0077631,Grease,1978-07-07,110.0,181813770.0,0,0,0,1,0,0,0,0,0,0,0,0,0,1,0,0,0,0,0,2,7,7,1978,Friday
622.0,tt0142688,The Ninth Gate,1999-08-25,133.0,58401898.0,0,0,0,0,0,0,0,0,0,0,0,0,1,0,0,0,1,0,0,2,25,8,1999,Wednesday
623.0,tt0095159,A Fish Called Wanda,1988-07-15,109.0,62493712.0,0,0,0,1,1,0,0,0,0,0,0,0,0,0,0,0,0,0,0,2,15,7,1988,Friday
624.0,tt0064276,Easy Rider,1969-06-26,95.0,60000000.0,0,1,0,0,0,0,1,0,0,0,0,0,0,0,0,0,0,0,0,2,26,6,1969,Thursday
625.0,tt0087553,The Killing Fields,1984-11-23,142.0,34700291.0,0,0,0,0,0,0,1,0,0,1,0,0,0,0,0,0,0,1,0,3,23,11,1984,Friday
626.0,tt0020530,Un chien andalou,1929-06-05,21.0,0.0,0,0,0,0,0,0,0,0,1,0,1,0,0,0,0,0,0,0,0,2,5,6,1929,Wednesday
627.0,tt0117951,Trainspotting,1996-02-23,94.0,16491080.0,0,0,0,0,1,0,1,0,0,0,0,0,0,0,0,0,0,0,0,2,23,2,1996,Friday
628.0,tt0110148,Interview with the Vampire,1994-11-11,123.0,223664608.0,0,0,0,0,0,0,1,0,1,0,1,0,0,0,0,0,0,0,0,3,11,11,1994,Friday
629.0,tt0114814,The Usual Suspects,1995-07-19,106.0,23341568.0,0,0,0,0,1,0,1,0,0,0,0,0,0,0,0,0,1,0,0,3,19,7,1995,Wednesday
630.0,tt0032138,The Wizard of Oz,1939-08-15,102.0,33754967.0,0,1,0,0,0,0,0,1,1,0,0,0,0,0,0,0,0,0,0,3,15,8,1939,Tuesday
631.0,tt0018455,Sunrise: A Song of Two Humans,1927-11-04,94.0,0.0,0,0,0,0,0,0,1,0,0,0,0,0,0,1,0,0,0,0,0,2,4,11,1927,Friday
632.0,tt0046359,Stalag 17,1953-05-29,120.0,0.0,0,0,0,1,0,0,0,0,0,0,0,0,0,0,0,0,1,1,0,3,29,5,1953,Friday
633.0,tt0076734,Soldaat van Oranje,1977-09-22,148.0,0.0,0,0,0,0,0,0,1,0,0,0,0,0,0,0,0,0,1,1,0,3,22,9,1977,Thursday
634.0,tt0243155,Bridget Jones's Diary,2001-04-13,97.0,281929795.0,0,0,0,1,0,0,1,0,0,0,0,0,0,1,0,0,0,0,0,3,13,4,2001,Friday
635.0,tt0092563,Angel Heart,1987-03-06,113.0,17185632.0,0,0,0,0,0,0,0,0,0,0,1,0,1,0,0,0,0,0,0,2,6,3,1987,Friday
636.0,tt0066434,THX 1138,1971-03-11,86.0,2437000.0,1,0,0,0,0,0,1,0,0,0,0,0,0,0,1,0,0,0,0,3,11,3,1971,Thursday
637.0,tt0118799,La vita è bella,1997-12-20,116.0,230098753.0,0,0,0,1,0,0,1,0,0,0,0,0,0,0,0,0,0,0,0,2,20,12,1997,Saturday
638.0,tt0116922,Lost Highway,1997-01-15,134.0,3675201.0,0,0,0,0,0,0,1,0,0,0,0,0,1,0,0,0,1,0,0,3,15,1,1997,Wednesday
639.0,tt0098635,When Harry Met Sally...,1989-01-12,96.0,92823546.0,0,0,0,1,0,0,1,0,0,0,0,0,0,1,0,0,0,0,0,3,12,1,1989,Thursday
640.0,tt0264464,Catch Me If You Can,2002-12-25,141.0,352114312.0,0,0,0,0,1,0,1,0,0,0,0,0,0,0,0,0,0,0,0,2,25,12,2002,Wednesday
641.0,tt0180093,Requiem for a Dream,2000-10-06,102.0,7390108.0,0,0,0,0,1,0,1,0,0,0,0,0,0,0,0,0,0,0,0,2,6,10,2000,Friday
642.0,tt0064115,Butch Cassidy and the Sundance Kid,1969-01-15,111.0,102308889.0,0,0,0,0,1,0,1,0,0,0,0,0,0,0,0,0,0,0,1,3,15,1,1969,Wednesday
643.0,tt0015648,Броненосец Потёмкин,1925-12-24,75.0,45100.0,0,0,0,0,0,0,1,0,0,1,0,0,0,0,0,0,0,0,0,2,24,12,1925,Thursday
644.0,tt0212720,A.I. Artificial Intelligence,2001-06-29,146.0,235926552.0,0,1,0,0,0,0,1,0,0,0,0,0,0,0,1,0,0,0,0,3,29,6,2001,Friday
646.0,tt0055928,Dr. No,1962-10-07,110.0,59600000.0,1,1,0,0,0,0,0,0,0,0,0,0,0,0,0,0,1,0,0,3,7,10,1962,Sunday
647.0,tt0385700,Final Fantasy VII: Advent Children,2005-07-14,101.0,0.0,1,1,1,0,0,0,0,0,1,0,0,0,0,0,1,0,0,0,0,5,14,7,2005,Thursday
648.0,tt0038348,La Belle et la Bête,1946-10-29,96.0,0.0,0,0,0,0,0,0,1,0,1,0,0,0,0,1,0,0,0,0,0,3,29,10,1946,Tuesday
649.0,tt0061395,Belle de jour,1967-05-24,101.0,0.0,0,0,0,0,0,0,1,0,0,0,0,0,0,1,0,0,0,0,0,2,24,5,1967,Wednesday
650.0,tt0101507,Boyz n the Hood,1991-07-12,112.0,57504069.0,0,0,0,0,1,0,1,0,0,0,0,0,0,0,0,0,0,0,0,2,12,7,1991,Friday
651.0,tt0066026,M*A*S*H,1970-02-18,116.0,81600000.0,0,0,0,1,0,0,1,0,0,0,0,0,0,0,0,0,0,1,0,3,18,2,1970,Wednesday
652.0,tt0332452,Troy,2004-05-03,163.0,497409852.0,1,1,0,0,0,0,0,0,0,1,0,0,0,0,0,0,0,1,0,4,3,5,2004,Monday
653.0,tt0013442,"Nosferatu, eine Symphonie des Grauens",1922-02-16,94.0,19054.0,0,0,0,0,0,0,0,0,1,0,1,0,0,0,0,0,0,0,0,2,16,2,1922,Thursday
654.0,tt0047296,On the Waterfront,1954-06-22,108.0,9600000.0,0,0,0,0,1,0,1,0,0,0,0,0,0,0,0,0,0,0,0,2,22,6,1954,Tuesday
655.0,tt0087884,"Paris, Texas",1984-08-23,145.0,2181987.0,0,0,0,0,0,0,1,0,0,0,0,0,0,0,0,0,0,0,0,1,23,8,1984,Thursday
657.0,tt0057076,From Russia with Love,1963-10-10,115.0,78898765.0,1,1,0,0,0,0,0,0,0,0,0,0,0,0,0,0,1,0,0,3,10,10,1963,Thursday
658.0,tt0058150,Goldfinger,1964-09-20,110.0,124881062.0,1,1,0,0,0,0,0,0,0,0,0,0,0,0,0,0,1,0,0,3,20,9,1964,Sunday
659.0,tt0078875,Die Blechtrommel,1979-05-02,162.0,0.0,0,0,0,0,0,0,1,0,0,1,0,0,0,0,0,0,0,1,0,3,2,5,1979,Wednesday
660.0,tt0059800,Thunderball,1965-12-11,130.0,141195658.0,1,1,0,0,0,0,0,0,0,0,0,0,0,0,0,0,1,0,0,3,11,12,1965,Saturday
661.0,tt0079095,Die Ehe der Maria Braun,1979-03-23,120.0,0.0,0,0,0,0,0,0,1,0,0,0,0,0,0,0,0,0,0,0,0,1,23,3,1979,Friday
662.0,tt0056119,La Jetée,1962-02-16,28.0,0.0,0,0,0,0,0,0,0,0,0,0,0,0,0,1,1,0,0,0,0,2,16,2,1962,Friday
663.0,tt0890870,Saw IV,2007-10-25,96.0,139352633.0,0,0,0,0,1,0,0,0,0,0,1,0,0,0,0,0,1,0,0,3,25,10,2007,Thursday
664.0,tt0117998,Twister,1996-05-10,113.0,494471524.0,1,1,0,0,0,0,1,0,0,0,0,0,0,0,0,0,0,0,0,3,10,5,1996,Friday
665.0,tt0052618,Ben-Hur,1959-11-18,222.0,164000000.0,1,0,0,0,0,0,1,0,0,1,0,0,0,0,0,0,0,0,0,3,18,11,1959,Wednesday
666.0,tt0140888,Central do Brasil,1998-11-20,110.0,5596708.0,0,0,0,0,0,0,1,0,0,0,0,0,0,0,0,0,0,0,0,1,20,11,1998,Friday
667.0,tt0062512,You Only Live Twice,1967-06-13,117.0,111584787.0,1,1,0,0,0,0,0,0,0,0,0,0,0,0,0,0,1,0,0,3,13,6,1967,Tuesday
668.0,tt0064757,On Her Majesty's Secret Service,1969-12-12,142.0,81974493.0,1,1,0,0,0,0,0,0,0,0,0,0,0,0,0,0,1,0,0,3,12,12,1969,Friday
669.0,tt0013427,Nanook of the North,1922-06-11,79.0,0.0,0,1,0,0,0,1,0,0,0,0,0,0,0,0,0,0,0,0,0,2,11,6,1922,Sunday
670.0,tt0364569,올드보이,2003-11-21,120.0,15194593.0,1,0,0,0,0,0,1,0,0,0,0,0,1,0,0,0,1,0,0,4,21,11,2003,Friday
671.0,tt0241527,Harry Potter and the Philosopher's Stone,2001-11-16,152.0,976475550.0,0,1,0,0,0,0,0,0,1,0,0,0,0,0,0,0,0,0,0,2,16,11,2001,Friday
672.0,tt0295297,Harry Potter and the Chamber of Secrets,2002-11-13,161.0,876688482.0,0,1,0,0,0,0,0,0,1,0,0,0,0,0,0,0,0,0,0,2,13,11,2002,Wednesday
673.0,tt0304141,Harry Potter and the Prisoner of Azkaban,2004-05-31,141.0,789804554.0,0,1,0,0,0,0,0,0,1,0,0,0,0,0,0,0,0,0,0,2,31,5,2004,Monday
674.0,tt0330373,Harry Potter and the Goblet of Fire,2005-11-16,157.0,895921036.0,0,1,0,0,0,0,0,1,1,0,0,0,0,0,0,0,0,0,0,3,16,11,2005,Wednesday
675.0,tt0373889,Harry Potter and the Order of the Phoenix,2007-06-28,138.0,938212738.0,0,1,0,0,0,0,0,0,1,0,0,0,1,0,0,0,0,0,0,3,28,6,2007,Thursday
676.0,tt0213149,Pearl Harbor,2001-05-21,183.0,449220945.0,1,0,0,0,0,0,1,0,0,1,0,0,0,1,0,0,0,1,0,5,21,5,2001,Monday
677.0,tt0030522,Olympia - Fest der Völker,1938-04-20,126.0,0.0,0,0,0,0,0,1,0,0,0,0,0,0,0,0,0,0,0,0,0,1,20,4,1938,Wednesday
678.0,tt0039689,Out of the Past,1947-11-25,97.0,0.0,0,0,0,0,1,0,1,0,0,0,0,0,0,1,0,0,1,0,0,4,25,11,1947,Tuesday
679.0,tt0090605,Aliens,1986-07-18,137.0,183316455.0,1,0,0,0,0,0,0,0,0,0,0,0,0,0,1,0,1,0,0,3,18,7,1986,Friday
680.0,tt0110912,Pulp Fiction,1994-09-10,154.0,214179088.0,0,0,0,0,1,0,0,0,0,0,0,0,0,0,0,0,1,0,0,2,10,9,1994,Saturday
681.0,tt0066995,Diamonds Are Forever,1971-12-13,120.0,116019547.0,1,1,0,0,0,0,0,0,0,0,0,0,0,0,0,0,1,0,0,3,13,12,1971,Monday
682.0,tt0071807,The Man with the Golden Gun,1974-12-01,125.0,97572000.0,1,1,0,0,0,0,0,0,0,0,0,0,0,0,0,0,1,0,0,3,1,12,1974,Sunday
685.0,tt0030523,Olympia - Fest der Schönheit,1938-04-20,100.0,0.0,0,0,0,0,0,1,0,0,0,0,0,0,0,0,0,0,0,0,0,1,20,4,1938,Wednesday
686.0,tt0118884,Contact,1997-07-11,150.0,171120329.0,0,0,0,0,0,0,1,0,0,0,0,0,1,0,1,0,0,0,0,3,11,7,1997,Friday
687.0,tt0112818,Dead Man Walking,1995-12-29,122.0,39363635.0,0,0,0,0,0,0,1,0,0,0,0,0,0,0,0,0,0,0,0,1,29,12,1995,Friday
688.0,tt0112579,The Bridges of Madison County,1995-05-28,135.0,182016617.0,0,0,0,0,0,0,1,0,0,0,0,0,0,1,0,0,0,0,0,2,28,5,1995,Sunday
689.0,tt0073800,Ο θίασος,1975-07-01,224.0,0.0,0,0,0,0,0,0,1,0,0,1,0,0,0,0,0,0,0,1,0,3,1,7,1975,Tuesday
690.0,tt0053168,Pickpocket,1959-12-16,75.0,0.0,0,0,0,0,1,0,1,0,0,0,0,0,0,0,0,0,0,0,0,2,16,12,1959,Wednesday
691.0,tt0076752,The Spy Who Loved Me,1977-07-07,125.0,185438673.0,1,1,0,0,0,0,0,0,0,0,0,0,0,0,0,0,1,0,0,3,7,7,1977,Thursday
692.0,tt0069089,Pink Flamingos,1972-03-12,92.0,6000000.0,0,0,0,1,1,0,0,0,0,0,0,0,0,0,0,0,0,0,0,2,12,3,1972,Sunday
693.0,tt0290002,Meet the Fockers,2004-12-22,115.0,516642939.0,0,0,0,1,0,0,0,0,0,0,0,0,0,1,0,0,0,0,0,2,22,12,2004,Wednesday
694.0,tt0081505,The Shining,1980-05-23,144.0,44781695.0,0,0,0,0,0,0,0,0,0,0,1,0,0,0,0,0,1,0,0,2,23,5,1980,Friday
695.0,tt0108122,Short Cuts,1993-09-05,187.0,6110979.0,0,0,0,1,0,0,1,0,0,0,0,0,0,0,0,0,0,0,0,2,5,9,1993,Sunday
696.0,tt0079522,Manhattan,1979-04-25,96.0,39946780.0,0,0,0,1,0,0,1,0,0,0,0,0,0,1,0,0,0,0,0,3,25,4,1979,Wednesday
697.0,tt0018217,Октябрь,1928-01-20,115.0,0.0,0,0,0,0,0,0,1,0,0,1,0,0,0,0,0,0,0,0,0,2,20,1,1928,Friday
698.0,tt0079574,Moonraker,1979-06-26,126.0,210308099.0,1,1,0,0,0,0,0,0,0,0,0,0,0,0,1,0,1,0,0,4,26,6,1979,Tuesday
699.0,tt0082398,For Your Eyes Only,1981-06-23,127.0,195312802.0,1,1,0,0,0,0,0,0,0,0,0,0,0,0,0,0,1,0,0,3,23,6,1981,Tuesday
700.0,tt0086034,Octopussy,1983-06-05,131.0,187500000.0,1,1,0,0,0,0,0,0,0,0,0,0,0,0,0,0,1,0,0,3,5,6,1983,Sunday
701.0,tt0014341,Our Hospitality,1923-11-19,73.0,0.0,0,0,0,1,0,0,0,0,0,0,0,0,0,1,0,0,0,0,1,3,19,11,1923,Monday
702.0,tt0044081,A Streetcar Named Desire,1951-09-18,125.0,8000000.0,0,0,0,0,0,0,1,0,0,0,0,0,0,0,0,0,0,0,0,1,18,9,1951,Tuesday
703.0,tt0075686,Annie Hall,1977-04-19,93.0,38251425.0,0,0,0,1,0,0,1,0,0,0,0,0,0,1,0,0,0,0,0,3,19,4,1977,Tuesday
704.0,tt0058182,A Hard Day's Night,1964-07-07,88.0,2360561.0,0,0,0,1,0,0,0,0,0,0,0,1,0,0,0,0,0,0,0,2,7,7,1964,Tuesday
705.0,tt0042192,All About Eve,1950-10-06,139.0,8400000.0,0,0,0,0,0,0,1,0,0,0,0,0,0,0,0,0,0,0,0,1,6,10,1950,Friday
706.0,tt0071458,Fontane Effi Briest,1974-06-20,141.0,0.0,0,0,0,0,0,0,1,0,0,1,0,0,0,0,0,0,0,0,0,2,20,6,1974,Thursday
707.0,tt0090264,A View to a Kill,1985-05-24,131.0,152427960.0,1,1,0,0,0,0,0,0,0,0,0,0,0,0,0,0,1,0,0,3,24,5,1985,Friday
708.0,tt0093428,The Living Daylights,1987-06-29,130.0,191185897.0,1,1,0,0,0,0,0,0,0,0,0,0,0,0,0,0,1,0,0,3,29,6,1987,Monday
709.0,tt0097742,Licence to Kill,1989-06-13,133.0,156167015.0,1,1,0,0,0,0,0,0,0,0,0,0,0,0,0,0,1,0,0,3,13,6,1989,Tuesday
710.0,tt0113189,GoldenEye,1995-11-16,130.0,352194034.0,1,1,0,0,0,0,0,0,0,0,0,0,0,0,0,0,1,0,0,3,16,11,1995,Thursday
711.0,tt0181536,Finding Forrester,2000-12-21,136.0,80049764.0,0,0,0,0,0,0,1,0,0,0,0,0,0,0,0,0,0,0,0,1,21,12,2000,Thursday
712.0,tt0109831,Four Weddings and a Funeral,1994-03-09,117.0,245700832.0,0,0,0,1,0,0,1,0,0,0,0,0,0,1,0,0,0,0,0,3,9,3,1994,Wednesday
713.0,tt0107822,The Piano,1993-05-19,121.0,40185556.0,0,0,0,0,0,0,1,0,0,0,0,0,0,1,0,0,0,0,0,2,19,5,1993,Wednesday
714.0,tt0120347,Tomorrow Never Dies,1997-12-11,119.0,333011068.0,1,1,0,0,0,0,0,0,0,0,0,0,0,0,0,0,1,0,0,3,11,12,1997,Thursday
742.0,tt0203166,Tillsammans,2000-08-25,106.0,0.0,0,0,0,1,0,0,1,0,0,0,0,0,0,1,0,0,0,0,0,3,25,8,2000,Friday
743.0,tt0129659,Zugvögel – einmal nach Inari,1998-01-01,87.0,0.0,0,0,0,1,0,0,0,0,0,0,0,0,0,0,0,0,0,0,0,1,1,1,1998,Thursday
744.0,tt0092099,Top Gun,1986-05-16,110.0,356830601.0,1,1,0,0,0,0,1,0,0,0,0,0,0,0,0,0,0,0,0,3,16,5,1986,Friday
745.0,tt0167404,The Sixth Sense,1999-08-06,107.0,672806292.0,0,0,0,0,0,0,1,0,0,0,0,0,1,0,0,0,1,0,0,3,6,8,1999,Friday
746.0,tt0093389,The Last Emperor,1987-05-27,163.0,43984230.0,0,0,0,0,0,0,1,0,0,1,0,0,0,0,0,0,0,0,0,2,27,5,1987,Wednesday
747.0,tt0365748,Shaun of the Dead,2004-04-09,99.0,30097092.0,0,0,0,1,0,0,0,0,0,0,1,0,0,0,0,0,0,0,0,2,9,4,2004,Friday
750.0,tt0055205,Murder She Said,1961-09-26,87.0,0.0,0,0,0,1,1,0,1,0,0,0,0,0,1,0,0,0,0,0,0,4,26,9,1961,Tuesday
751.0,tt0057334,Murder at the Gallop,1963-06-24,81.0,0.0,0,0,0,1,1,0,1,0,0,0,0,0,1,0,0,0,1,0,0,5,24,6,1963,Monday
752.0,tt0434409,V for Vendetta,2006-02-23,132.0,132511035.0,1,0,0,0,0,0,0,0,1,0,0,0,0,0,0,0,1,0,0,3,23,2,2006,Thursday
753.0,tt0062952,Faces,1968-11-24,130.0,0.0,0,0,0,0,0,0,1,0,0,0,0,0,0,0,0,0,0,0,0,1,24,11,1968,Sunday
754.0,tt0119094,Face/Off,1997-06-27,138.0,245676146.0,1,0,0,0,1,0,0,0,0,0,0,0,0,0,1,0,1,0,0,4,27,6,1997,Friday
755.0,tt0116367,From Dusk Till Dawn,1996-01-19,108.0,25836616.0,1,0,0,0,1,0,0,0,0,0,1,0,0,0,0,0,1,0,0,4,19,1,1996,Friday
756.0,tt0032455,Fantasia,1940-11-13,124.0,76411819.0,0,0,1,0,0,0,0,1,0,0,0,0,0,0,0,0,0,0,0,2,13,11,1940,Wednesday
757.0,tt0058383,Murder Most Foul,1964-03-01,90.0,0.0,0,0,0,1,1,0,1,0,0,0,0,0,1,0,0,0,1,0,0,5,1,3,1964,Sunday
758.0,tt0058382,Murder Ahoy,1964-09-22,93.0,0.0,0,0,0,1,1,0,1,0,0,0,0,0,1,0,0,0,1,0,0,5,22,9,1964,Tuesday
759.0,tt0045810,Gentlemen Prefer Blondes,1953-07-14,91.0,5300000.0,0,0,0,1,0,0,0,0,0,0,0,1,0,1,0,0,0,0,0,3,14,7,1953,Tuesday
760.0,tt0069747,Les Aventures de Rabbi Jacob,1973-10-17,100.0,0.0,0,0,0,1,0,0,0,0,0,0,0,0,0,0,0,0,0,0,0,1,17,10,1973,Wednesday
761.0,tt0074103,L'Aile ou la Cuisse,1976-10-27,104.0,0.0,0,0,0,1,0,0,0,0,0,0,0,0,0,0,0,0,0,0,0,1,27,10,1976,Wednesday
762.0,tt0071853,Monty Python and the Holy Grail,1975-05-25,91.0,1940906.0,0,1,0,1,0,0,0,0,1,0,0,0,0,0,0,0,0,0,0,3,25,5,1975,Sunday
763.0,tt0103873,Braindead,1992-08-13,103.0,242623.0,0,0,0,1,0,0,0,0,0,0,1,0,0,0,0,0,0,0,0,2,13,8,1992,Thursday
764.0,tt0083907,The Evil Dead,1981-09-10,85.0,29400000.0,0,0,0,0,0,0,0,0,0,0,1,0,0,0,0,0,0,0,0,1,10,9,1981,Thursday
765.0,tt0092991,Evil Dead II,1987-03-13,84.0,10900000.0,0,0,0,1,0,0,0,0,1,0,1,0,0,0,0,0,0,0,0,3,13,3,1987,Friday
766.0,tt0106308,Army of Darkness,1992-10-31,81.0,21502976.0,0,0,0,1,0,0,0,0,1,0,1,0,0,0,0,0,0,0,0,3,31,10,1992,Saturday
767.0,tt0417741,Harry Potter and the Half-Blood Prince,2009-07-07,153.0,933959197.0,0,1,0,0,0,0,0,0,1,0,0,0,0,0,0,0,0,0,0,2,7,7,2009,Tuesday
768.0,tt0120681,From Hell,2001-02-08,122.0,74558115.0,0,0,0,0,0,0,0,0,0,0,1,0,1,0,0,0,1,0,0,3,8,2,2001,Thursday
769.0,tt0099685,GoodFellas,1990-09-12,145.0,46835000.0,0,0,0,0,1,0,1,0,0,0,0,0,0,0,0,0,0,0,0,2,12,9,1990,Wednesday
770.0,tt0031381,Gone with the Wind,1939-12-15,233.0,402352579.0,0,0,0,0,0,0,1,0,0,0,0,0,0,1,0,0,0,1,0,3,15,12,1939,Friday
771.0,tt0099785,Home Alone,1990-11-16,103.0,476684675.0,0,0,0,1,0,0,0,1,0,0,0,0,0,0,0,0,0,0,0,2,16,11,1990,Friday
772.0,tt0104431,Home Alone 2: Lost in New York,1992-11-19,120.0,358994850.0,0,1,0,1,0,0,0,1,0,0,0,0,0,0,0,0,0,0,0,3,19,11,1992,Thursday
773.0,tt0449059,Little Miss Sunshine,2006-07-26,102.0,100523181.0,0,0,0,1,0,0,1,0,0,0,0,0,0,0,0,0,0,0,0,2,26,7,2006,Wednesday
774.0,tt0000010,La Sortie de l'Usine Lumière à Lyon,1895-03-22,1.0,0.0,0,0,0,0,0,1,0,0,0,0,0,0,0,0,0,0,0,0,0,1,22,3,1895,Friday
775.0,tt0000417,Le Voyage dans la Lune,1902-04-17,15.0,0.0,0,1,0,0,0,0,0,0,1,0,0,0,0,0,1,0,0,0,0,3,17,4,1902,Thursday
776.0,tt0031885,La Règle du jeu,1939-07-09,106.0,0.0,0,0,0,1,0,0,1,0,0,0,0,0,0,1,0,0,0,0,0,3,9,7,1939,Sunday
777.0,tt0028950,La Grande Illusion,1937-06-04,114.0,0.0,0,0,0,0,0,0,1,0,0,1,0,0,0,0,0,0,0,1,0,3,4,6,1937,Friday
778.0,tt0046487,Les vacances de Monsieur Hulot,1953-02-25,87.0,0.0,0,0,0,1,0,0,0,0,0,0,0,0,0,0,0,0,0,0,0,1,25,2,1953,Wednesday
779.0,tt0023649,Vampyr - Der Traum des Allan Grey,1932-05-06,74.0,0.0,0,0,0,0,0,0,0,0,1,0,1,0,0,0,0,0,0,0,0,2,6,5,1932,Friday
780.0,tt0019254,La passion de Jeanne d'Arc,1928-04-21,82.0,0.0,0,0,0,0,0,0,1,0,0,1,0,0,0,0,0,0,0,0,0,2,21,4,1928,Saturday
781.0,tt0120522,Winterschläfer,1997-10-30,120.0,323041.0,0,0,0,0,0,0,1,0,0,0,0,0,0,1,0,0,1,0,0,3,30,10,1997,Thursday
782.0,tt0119177,Gattaca,1997-09-07,106.0,12532777.0,0,0,0,0,0,0,0,0,0,0,0,0,1,1,1,0,1,0,0,4,7,9,1997,Sunday
783.0,tt0083987,Gandhi,1982-11-30,191.0,77737889.0,0,0,0,0,0,0,1,0,0,1,0,0,0,0,0,0,0,0,0,2,30,11,1982,Tuesday
784.0,tt0116790,Kolja,1996-05-15,105.0,7566841.0,0,0,0,1,0,0,1,0,0,0,0,1,0,0,0,0,0,0,0,3,15,5,1996,Wednesday
785.0,tt0023104,Kuhle Wampe oder: Wem gehört die Welt?,1932-05-14,74.0,0.0,0,0,0,0,0,0,1,0,0,0,0,0,0,0,0,0,0,0,0,1,14,5,1932,Saturday
786.0,tt0181875,Almost Famous,2000-09-15,122.0,47386287.0,0,0,0,0,0,0,1,0,0,0,0,1,0,0,0,0,0,0,0,2,15,9,2000,Friday
787.0,tt0356910,Mr. & Mrs. Smith,2005-06-07,120.0,478207520.0,1,0,0,1,0,0,1,0,0,0,0,0,0,0,0,0,1,0,0,4,7,6,2005,Tuesday
788.0,tt0107614,Mrs. Doubtfire,1993-11-24,125.0,441286195.0,0,0,0,1,0,0,1,1,0,0,0,0,0,0,0,0,0,0,0,3,24,11,1993,Wednesday
789.0,tt0060802,Ostře sledované vlaky,1966-11-18,93.0,0.0,0,0,0,1,0,0,1,0,0,0,0,0,0,0,0,0,0,1,0,3,18,11,1966,Friday
790.0,tt0080749,The Fog,1980-02-08,89.0,21378361.0,0,0,0,0,0,0,0,0,0,0,1,0,0,0,0,0,0,0,0,1,8,2,1980,Friday
791.0,tt0432291,The Fog,2005-10-14,100.0,46201432.0,0,0,0,0,0,0,0,0,0,0,1,0,0,0,0,0,1,0,0,2,14,10,2005,Friday
792.0,tt0091763,Platoon,1986-12-19,120.0,138530565.0,1,0,0,0,0,0,1,0,0,0,0,0,0,0,0,0,0,1,0,3,19,12,1986,Friday
793.0,tt0090756,Blue Velvet,1986-01-01,120.0,8618766.0,0,0,0,0,1,0,1,0,0,0,0,0,1,0,0,0,1,0,0,4,1,1,1986,Wednesday
794.0,tt0075005,The Omen,1976-06-06,111.0,60922980.0,0,0,0,0,0,0,0,0,0,0,1,0,0,0,0,0,1,0,0,2,6,6,1976,Sunday
795.0,tt0120632,City of Angels,1998-04-10,114.0,198685114.0,0,0,0,0,0,0,1,0,1,0,0,0,0,1,0,0,0,0,0,3,10,4,1998,Friday
796.0,tt0139134,Cruel Intentions,1999-03-05,98.0,76347426.0,0,0,0,0,0,0,1,0,0,0,0,0,0,1,0,0,0,0,0,2,5,3,1999,Friday
797.0,tt0060827,Persona,1966-10-18,83.0,0.0,0,0,0,0,0,0,1,0,0,0,0,0,0,0,0,0,0,0,0,1,18,10,1966,Tuesday
798.0,tt0046218,Pünktchen und Anton,1953-08-26,91.0,0.0,0,0,0,1,0,0,1,1,0,0,0,0,0,0,0,0,0,0,0,3,26,8,1953,Wednesday
799.0,tt0161935,Pünktchen und Anton,1999-03-11,107.0,0.0,0,0,0,1,0,0,1,1,0,0,0,0,0,0,0,0,0,0,0,3,11,3,1999,Thursday
800.0,tt0042804,Los olvidados,1950-12-09,85.0,0.0,0,0,0,0,1,0,1,0,0,0,0,0,0,0,0,0,0,0,0,2,9,12,1950,Saturday
801.0,tt0093105,"Good Morning, Vietnam",1987-12-23,121.0,123922370.0,0,0,0,1,0,0,1,0,0,0,0,0,0,0,0,0,0,1,0,3,23,12,1987,Wednesday
802.0,tt0056193,Lolita,1962-06-21,154.0,9250000.0,0,0,0,0,1,0,1,0,0,0,0,0,0,1,0,0,0,0,0,3,21,6,1962,Thursday
803.0,tt0048434,Nuit et brouillard,1955-06-04,32.0,0.0,0,0,0,0,0,1,0,0,0,1,0,0,0,0,0,0,0,1,0,3,4,6,1955,Saturday
804.0,tt0046250,Roman Holiday,1953-08-26,119.0,12000000.0,0,0,0,1,0,0,1,0,0,0,0,0,0,1,0,0,0,0,0,3,26,8,1953,Wednesday
805.0,tt0063522,Rosemary's Baby,1968-06-12,138.0,33395426.0,0,0,0,0,0,0,1,0,0,0,1,0,0,0,0,0,1,0,0,3,12,6,1968,Wednesday
806.0,tt0466909,The Omen,2006-06-06,110.0,119188334.0,0,0,0,0,0,0,0,0,0,0,1,0,0,0,0,0,0,0,0,1,6,6,2006,Tuesday
807.0,tt0114369,Se7en,1995-09-22,127.0,327311859.0,0,0,0,0,1,0,0,0,0,0,0,0,1,0,0,0,1,0,0,3,22,9,1995,Friday
808.0,tt0126029,Shrek,2001-05-18,90.0,487853320.0,0,1,1,1,0,0,0,1,1,0,0,0,0,0,0,0,0,0,0,5,18,5,2001,Friday
809.0,tt0298148,Shrek 2,2004-05-19,93.0,928760770.0,0,1,1,1,0,0,0,1,1,0,0,0,0,0,0,0,0,0,0,5,19,5,2004,Wednesday
810.0,tt0413267,Shrek the Third,2007-05-17,93.0,813367380.0,0,1,1,1,0,0,0,1,1,0,0,0,0,0,0,0,0,0,0,5,17,5,2007,Thursday
811.0,tt0067756,Silent Running,1972-03-09,89.0,0.0,0,1,0,0,0,0,0,0,0,0,0,0,0,0,1,0,0,0,0,2,9,3,1972,Thursday
812.0,tt0103639,Aladdin,1992-11-25,90.0,504050219.0,0,1,1,0,0,0,0,1,1,0,0,0,0,1,0,0,0,0,0,5,25,11,1992,Wednesday
813.0,tt0080339,Airplane!,1980-07-02,88.0,83453539.0,0,0,0,1,0,0,0,0,0,0,0,0,0,0,0,0,0,0,0,1,2,7,1980,Wednesday
814.0,tt0082010,An American Werewolf in London,1981-08-21,97.0,31973249.0,0,0,0,1,0,0,0,0,0,0,1,0,0,0,0,0,0,0,0,2,21,8,1981,Friday
815.0,tt0204824,Animal Farm,1999-10-03,91.0,0.0,0,0,0,1,0,0,1,1,0,0,0,0,0,0,0,0,0,0,0,3,3,10,1999,Sunday
816.0,tt0118655,Austin Powers: International Man of Mystery,1997-05-02,94.0,67683989.0,0,0,0,1,1,0,0,0,0,0,0,0,0,0,1,0,0,0,0,3,2,5,1997,Friday
817.0,tt0145660,Austin Powers: The Spy Who Shagged Me,1999-06-08,95.0,312016858.0,0,1,0,1,1,0,0,0,0,0,0,0,0,0,1,0,0,0,0,4,8,6,1999,Tuesday
818.0,tt0295178,Austin Powers in Goldmember,2002-07-26,93.0,296655431.0,0,0,0,1,1,0,0,0,0,0,0,0,0,0,1,0,0,0,0,3,26,7,2002,Friday
819.0,tt0117665,Sleepers,1996-10-18,147.0,165615285.0,0,0,0,0,1,0,1,0,0,0,0,0,0,0,0,0,1,0,0,3,18,10,1996,Friday
820.0,tt0102138,JFK,1991-12-20,189.0,205405498.0,0,0,0,0,0,0,1,0,0,1,0,0,0,0,0,0,1,0,0,3,20,12,1991,Friday
821.0,tt0055031,Judgment at Nuremberg,1961-12-18,179.0,10000000.0,0,0,0,0,0,0,1,0,0,1,0,0,0,0,0,0,0,1,0,3,18,12,1961,Monday
822.0,tt0051792,জলসাঘর,1958-10-10,100.0,0.0,0,0,0,0,0,0,1,0,0,0,0,1,0,0,0,0,0,0,0,2,10,10,1958,Friday
823.0,tt0193253,人狼 JIN-ROH,1999-11-17,102.0,0.0,0,0,1,0,0,0,1,0,0,0,0,0,0,0,1,0,1,0,0,4,17,11,1999,Wednesday
824.0,tt0203009,Moulin Rouge!,2001-05-24,128.0,179213434.0,0,0,0,0,0,0,1,0,0,0,0,1,0,1,0,0,0,0,0,3,24,5,2001,Thursday
825.0,tt0145734,Playing by Heart,1998-12-30,121.0,3970078.0,0,0,0,0,0,0,1,0,0,0,0,0,0,0,0,0,0,0,0,1,30,12,1998,Wednesday
826.0,tt0050212,The Bridge on the River Kwai,1957-10-11,161.0,44908000.0,0,0,0,0,0,0,1,0,0,1,0,0,0,0,0,0,0,1,0,3,11,10,1957,Friday
827.0,tt0046911,Les Diaboliques,1955-01-29,117.0,0.0,0,0,0,0,0,0,1,0,0,0,1,0,0,0,0,0,1,0,0,3,29,1,1955,Saturday
828.0,tt0043456,The Day the Earth Stood Still,1951-09-28,92.0,1850000.0,0,0,0,0,0,0,1,0,0,0,0,0,0,0,1,0,0,0,0,2,28,9,1951,Friday
829.0,tt0071315,Chinatown,1974-06-20,130.0,30000000.0,0,0,0,0,1,0,1,0,0,0,0,0,1,0,0,0,1,0,0,4,20,6,1974,Thursday
830.0,tt0049223,Forbidden Planet,1956-03-23,98.0,3250000.0,0,0,0,0,0,0,0,0,0,0,0,0,0,0,1,0,0,0,0,1,23,3,1956,Friday
831.0,tt0047577,This Island Earth,1955-06-01,87.0,1700000.0,0,1,0,0,0,0,0,0,0,0,1,0,0,0,1,0,0,0,0,3,1,6,1955,Wednesday
832.0,tt0022100,M - Eine Stadt sucht einen Mörder,1931-05-11,117.0,0.0,1,0,0,0,1,0,1,0,0,0,0,0,0,0,0,0,1,0,0,4,11,5,1931,Monday
833.0,tt0045274,Umberto D.,1952-01-20,91.0,0.0,0,0,0,0,0,0,1,0,0,0,0,0,0,0,0,0,0,0,0,1,20,1,1952,Sunday
834.0,tt0401855,Underworld: Evolution,2006-01-12,106.0,111476513.0,1,0,0,0,0,0,0,0,1,0,0,0,0,0,0,0,1,0,0,3,12,1,2006,Thursday
835.0,tt0022869,F.P.1 antwortet nicht,1932-12-22,114.0,0.0,0,0,0,0,0,0,0,0,0,0,0,0,0,0,1,0,0,0,0,1,22,12,1932,Thursday
836.0,tt0057654,Vidas Secas,1963-08-22,100.0,0.0,0,0,0,0,0,0,1,0,0,0,0,0,0,0,0,0,0,0,0,1,22,8,1963,Thursday
837.0,tt0086541,Videodrome,1983-02-04,88.0,2120439.0,0,0,0,0,0,0,0,0,0,0,1,0,1,0,1,0,0,0,0,3,4,2,1983,Friday
838.0,tt0069704,American Graffiti,1973-08-01,110.0,140000000.0,0,0,0,1,0,0,1,0,0,0,0,0,0,0,0,0,0,0,0,2,1,8,1973,Wednesday
839.0,tt0067023,Duel,1971-11-13,90.0,0.0,1,0,0,0,0,0,0,0,0,0,0,0,0,0,0,1,1,0,0,3,13,11,1971,Saturday
840.0,tt0075860,Close Encounters of the Third Kind,1977-11-18,137.0,306889114.0,0,0,0,0,0,0,1,0,0,0,0,0,0,0,1,0,0,0,0,2,18,11,1977,Friday
841.0,tt0087182,Dune,1984-12-14,137.0,30925690.0,1,1,0,0,0,0,0,0,0,0,0,0,0,0,1,0,0,0,0,3,14,12,1984,Friday
842.0,tt0364961,The Assassination of Richard Nixon,2004-05-17,95.0,3537961.0,0,0,0,0,0,0,1,0,0,1,0,0,0,0,0,0,1,0,0,3,17,5,2004,Monday
843.0,tt0118694,花樣年華,2000-09-29,99.0,12854953.0,0,0,0,0,0,0,1,0,0,0,0,0,0,1,0,0,0,0,0,2,29,9,2000,Friday
844.0,tt0212712,2046,2004-09-29,128.0,19271312.0,0,0,0,0,0,0,1,0,1,0,0,0,0,1,1,0,0,0,0,4,29,9,2004,Wednesday
845.0,tt0044079,Strangers on a Train,1951-06-27,101.0,7000000.0,0,0,0,0,1,0,0,0,0,0,0,0,1,0,0,0,1,0,0,3,27,6,1951,Wednesday
846.0,tt0120902,The X Files,1998-06-19,121.0,189198313.0,0,0,0,0,0,0,0,0,0,0,0,0,1,0,1,0,1,0,0,3,19,6,1998,Friday
847.0,tt0096446,Willow,1988-05-20,126.0,57269863.0,1,1,0,0,0,0,0,0,1,0,0,0,0,0,0,0,0,0,0,3,20,5,1988,Friday
848.0,tt0082288,Dragonslayer,1981-06-26,108.0,14110013.0,0,1,0,0,0,0,0,0,1,0,0,0,0,0,0,0,0,0,0,2,26,6,1981,Friday
849.0,tt0085811,Krull,1983-07-29,117.0,16519460.0,1,1,0,0,0,0,0,0,1,0,0,0,0,0,1,0,0,0,0,4,29,7,1983,Friday
850.0,tt0085334,A Christmas Story,1983-11-18,93.0,20653717.0,0,0,0,1,0,0,0,1,0,0,0,0,0,0,0,0,0,0,0,2,18,11,1983,Friday
851.0,tt0037558,Brief Encounter,1945-11-24,86.0,0.0,0,0,0,0,0,0,1,0,0,0,0,0,0,1,0,0,0,0,0,2,24,11,1945,Saturday
852.0,tt0051588,Es geschah am hellichten Tag,1958-06-09,100.0,0.0,0,0,0,0,1,0,0,0,0,0,0,0,0,0,0,0,1,0,0,2,9,6,1958,Monday
853.0,tt0215750,Enemy at the Gates,2001-03-14,131.0,96976270.0,0,0,0,0,0,0,1,0,0,1,0,0,0,0,0,0,0,1,0,3,14,3,2001,Wednesday
854.0,tt0110475,The Mask,1994-07-29,101.0,351583407.0,0,0,0,1,1,0,0,0,1,0,0,0,0,1,0,0,0,0,0,4,29,7,1994,Friday
855.0,tt0265086,Black Hawk Down,2001-12-28,145.0,172989651.0,1,0,0,0,0,0,0,0,0,1,0,0,0,0,0,0,0,1,0,3,28,12,2001,Friday
856.0,tt0096438,Who Framed Roger Rabbit,1988-06-21,104.0,329803958.0,0,0,1,1,1,0,0,1,1,0,0,0,0,0,0,0,0,0,0,5,21,6,1988,Tuesday
857.0,tt0120815,Saving Private Ryan,1998-07-24,169.0,481840909.0,0,0,0,0,0,0,1,0,0,1,0,0,0,0,0,0,0,1,0,3,24,7,1998,Friday
858.0,tt0108160,Sleepless in Seattle,1993-06-24,105.0,227799884.0,0,0,0,1,0,0,1,0,0,0,0,0,0,1,0,0,0,0,0,3,24,6,1993,Thursday
859.0,tt0094947,Dangerous Liaisons,1988-12-21,119.0,34670720.0,0,0,0,0,0,0,1,0,0,0,0,0,0,1,0,0,0,0,0,2,21,12,1988,Wednesday
860.0,tt0086567,WarGames,1983-06-03,114.0,79567667.0,1,0,0,0,0,0,0,0,0,0,0,0,0,0,0,0,0,0,0,1,3,6,1983,Friday
861.0,tt0100802,Total Recall,1990-06-01,113.0,261317921.0,1,1,0,0,0,0,0,0,0,0,0,0,0,0,1,0,0,0,0,3,1,6,1990,Friday
862.0,tt0114709,Toy Story,1995-10-30,81.0,373554033.0,0,1,1,1,0,0,0,1,0,0,0,0,0,0,0,0,0,0,0,4,30,10,1995,Monday
863.0,tt0120363,Toy Story 2,1999-10-30,92.0,497366869.0,0,0,1,1,0,0,0,1,0,0,0,0,0,0,0,0,0,0,0,3,30,10,1999,Saturday
864.0,tt0106611,Cool Runnings,1993-10-01,98.0,154856263.0,0,0,0,1,0,0,0,0,0,1,0,0,0,0,0,0,0,0,0,2,1,10,1993,Friday
865.0,tt0093894,The Running Man,1987-02-17,101.0,38122105.0,1,0,0,0,0,0,0,0,0,0,0,0,0,0,1,0,1,0,0,3,17,2,1987,Tuesday
866.0,tt0308644,Finding Neverland,2004-10-17,106.0,116766556.0,0,0,0,0,0,0,1,0,0,0,0,0,0,0,0,0,0,0,0,1,17,10,2004,Sunday
867.0,tt0108162,Sliver,1993-05-21,108.0,116300000.0,0,0,0,0,0,0,1,0,0,0,0,0,0,0,0,0,1,0,0,2,21,5,1993,Friday
868.0,tt0468565,Tsotsi,2005-12-23,94.0,9879971.0,0,0,0,0,1,0,1,0,0,0,0,0,0,0,0,0,0,0,0,2,23,12,2005,Friday
869.0,tt0133152,Planet of the Apes,2001-07-25,119.0,362211740.0,1,1,0,0,0,0,0,0,0,0,0,0,0,0,1,0,1,0,0,4,25,7,2001,Wednesday
870.0,tt0330229,ドールズ,2002-09-05,114.0,0.0,0,0,0,0,0,0,1,0,0,0,0,0,0,1,0,0,0,0,0,2,5,9,2002,Thursday
871.0,tt0063442,Planet of the Apes,1968-02-07,112.0,32589624.0,1,1,0,0,0,0,1,0,0,0,0,0,0,0,1,0,0,0,0,4,7,2,1968,Wednesday
872.0,tt0045152,Singin' in the Rain,1952-04-09,103.0,7200000.0,0,0,0,1,0,0,0,0,0,0,0,1,0,1,0,0,0,0,0,3,9,4,1952,Wednesday
873.0,tt0088939,The Color Purple,1985-12-18,154.0,146292000.0,0,0,0,0,0,0,1,0,0,0,0,0,0,0,0,0,0,0,0,1,18,12,1985,Wednesday
874.0,tt0060665,A Man for All Seasons,1966-12-13,120.0,28350000.0,0,0,0,0,0,0,1,0,0,1,0,0,0,0,0,0,0,0,0,2,13,12,1966,Tuesday
875.0,tt0023458,Shanghai Express,1932-02-12,82.0,0.0,0,1,0,0,0,0,1,0,0,0,0,0,0,1,0,0,1,0,0,4,12,2,1932,Friday
877.0,tt0023427,Scarface,1932-04-09,93.0,600000.0,1,0,0,0,1,0,1,0,0,0,0,0,0,0,0,0,1,0,0,4,9,4,1932,Saturday
878.0,tt0036818,Die Feuerzangenbowle,1944-01-28,97.0,0.0,0,0,0,1,0,0,0,0,0,0,0,0,0,0,0,0,0,0,0,1,28,1,1944,Friday
879.0,tt0102057,Hook,1991-04-10,142.0,300855000.0,0,1,0,1,0,0,0,1,1,0,0,0,0,0,0,0,0,0,0,4,10,4,1991,Wednesday
880.0,tt0112379,Antonia,1995-09-21,102.0,0.0,0,0,0,1,0,0,1,0,0,0,0,0,0,0,0,0,0,0,0,2,21,9,1995,Thursday
881.0,tt0104257,A Few Good Men,1992-12-11,138.0,243240178.0,0,0,0,0,0,0,1,0,0,0,0,0,0,0,0,0,0,0,0,1,11,12,1992,Friday
882.0,tt0087273,Flussfahrt mit Huhn,1984-11-16,103.0,0.0,0,1,0,0,0,0,0,0,0,0,0,0,0,0,0,0,0,0,0,1,16,11,1984,Friday
883.0,tt0379217,Coffee and Cigarettes,2003-09-05,96.0,7897645.0,0,0,0,1,0,0,1,0,0,0,0,0,0,0,0,0,0,0,0,2,5,9,2003,Friday
884.0,tt0115964,Crash,1996-07-17,100.0,0.0,0,0,0,0,0,0,1,0,0,0,0,0,0,0,0,0,1,0,0,2,17,7,1996,Wednesday
885.0,tt0018839,The Docks of New York,1928-09-16,76.0,0.0,0,0,0,0,0,0,1,0,0,0,0,0,0,1,0,0,0,0,0,2,16,9,1928,Sunday
886.0,tt0059037,The Cincinnati Kid,1965-10-15,102.0,15260000.0,0,0,0,0,0,0,1,0,0,0,0,0,0,0,0,0,0,0,0,1,15,10,1965,Friday
887.0,tt0036868,The Best Years of Our Lives,1946-12-25,171.0,23650000.0,0,0,0,0,0,0,1,0,0,0,0,0,0,1,0,0,0,1,0,3,25,12,1946,Wednesday
888.0,tt0109813,The Flintstones,1994-05-26,91.0,341631208.0,0,0,0,1,0,0,0,1,1,0,0,0,0,0,0,0,0,0,0,3,26,5,1994,Thursday
889.0,tt0158622,The Flintstones in Viva Rock Vegas,2000-04-28,90.0,59468275.0,0,0,0,1,0,0,0,1,0,0,0,0,0,1,0,0,0,0,0,3,28,4,2000,Friday
890.0,tt0114354,Schlafes Bruder,1995-09-08,127.0,97848.0,0,0,0,0,0,0,1,0,0,0,0,0,0,0,0,0,0,0,0,1,8,9,1995,Friday
891.0,tt0074119,All the President's Men,1976-01-18,138.0,70600000.0,0,0,0,0,0,0,1,0,0,1,0,0,1,0,0,0,1,0,0,4,18,1,1976,Sunday
892.0,tt0101700,Delicatessen,1991-04-17,99.0,1794187.0,0,0,0,1,0,0,0,0,1,0,0,0,0,0,1,0,0,0,0,3,17,4,1991,Wednesday
893.0,tt0246859,Die Polizistin,2000-05-10,97.0,0.0,0,0,0,0,0,0,1,0,0,0,0,0,0,0,0,0,0,0,0,1,10,5,2000,Wednesday
894.0,tt0396273,Willenbrock,2005-03-17,105.0,0.0,0,0,0,0,0,0,1,0,0,0,0,0,0,0,0,0,0,0,0,1,17,3,2005,Thursday
895.0,tt0060107,Андрей Рублёв,1966-12-16,205.0,0.0,0,0,0,0,0,0,1,0,0,1,0,0,0,0,0,0,0,0,0,2,16,12,1966,Friday
896.0,tt0052572,অপুর সংসার,1959-05-01,105.0,134241.0,0,0,0,0,0,0,1,0,0,0,0,0,0,0,0,0,0,0,0,1,1,5,1959,Friday
897.0,tt0048956,অপরাজিত,1956-10-11,110.0,170215.0,0,0,0,0,0,0,1,0,0,0,0,0,0,0,0,0,0,0,0,1,11,10,1956,Thursday
898.0,tt0055798,Birdman of Alcatraz,1962-07-04,147.0,3100000.0,0,0,0,0,1,0,1,0,0,0,0,0,0,0,0,0,0,0,0,2,4,7,1962,Wednesday
899.0,tt0009968,Broken Blossoms,1919-05-13,89.0,2400000.0,0,0,0,0,0,0,1,0,0,0,0,0,0,1,0,0,0,0,0,2,13,5,1919,Tuesday
900.0,tt0029947,Bringing Up Baby,1938-02-18,102.0,0.0,0,0,0,1,0,0,0,0,0,0,0,0,0,1,0,0,0,0,0,2,18,2,1938,Friday
901.0,tt0021749,City Lights,1931-02-01,87.0,4250000.0,0,0,0,1,0,0,1,0,0,0,0,0,0,1,0,0,0,0,0,3,1,2,1931,Sunday
902.0,tt0112682,La Cité des Enfants Perdus,1995-08-17,108.0,1738611.0,0,1,0,0,0,0,0,0,1,0,0,0,0,0,1,0,0,0,0,3,17,8,1995,Thursday
903.0,tt0061512,Cool Hand Luke,1967-06-22,127.0,16217773.0,0,0,0,0,1,0,1,0,0,0,0,0,0,0,0,0,0,0,0,2,22,6,1967,Thursday
904.0,tt0006102,Der Stolz der Firma,1914-04-30,40.0,0.0,0,0,0,1,0,0,1,0,0,0,0,0,0,0,0,0,0,0,0,2,30,4,1914,Thursday
905.0,tt0018737,Die Büchse der Pandora,1929-01-30,109.0,0.0,0,0,0,0,1,0,1,0,0,0,0,0,0,1,0,0,0,0,0,3,30,1,1929,Wednesday
906.0,tt0020842,Die Drei von der Tankstelle,1930-09-15,90.0,0.0,0,0,0,1,0,0,1,0,0,0,0,0,0,0,0,0,0,0,0,2,15,9,1930,Monday
907.0,tt0059113,Doctor Zhivago,1965-12-22,194.0,111858363.0,0,0,0,0,0,0,1,0,0,0,0,0,0,1,0,0,0,1,0,3,22,12,1965,Wednesday
908.0,tt0446460,Het Schnitzelparadijs,2005-09-08,82.0,0.0,0,0,0,1,0,0,0,0,0,0,0,0,0,1,0,0,0,0,0,2,8,9,2005,Thursday
909.0,tt0037059,Meet Me in St. Louis,1944-11-28,113.0,7566000.0,0,0,0,1,0,0,1,1,0,0,0,0,0,1,0,0,0,0,0,4,28,11,1944,Tuesday
910.0,tt0038355,The Big Sleep,1946-08-23,116.0,4900000.0,0,0,0,0,1,0,0,0,0,0,0,0,1,0,0,0,1,0,0,3,23,8,1946,Friday
911.0,tt0032234,The Bank Dick,1940-11-29,72.0,0.0,0,0,0,1,0,0,0,0,0,0,0,0,0,0,0,0,0,0,0,1,29,11,1940,Friday
912.0,tt0063688,The Thomas Crown Affair,1968-06-26,102.0,0.0,0,0,0,0,1,0,1,0,0,0,0,0,0,1,0,0,1,0,0,4,26,6,1968,Wednesday
913.0,tt0155267,The Thomas Crown Affair,1999-08-06,113.0,124305181.0,0,0,0,0,1,0,1,0,0,0,0,0,0,1,0,0,0,0,0,3,6,8,1999,Friday
914.0,tt0032553,The Great Dictator,1940-10-15,125.0,11000000.0,0,0,0,1,0,0,0,0,0,0,0,0,0,0,0,0,0,1,0,2,15,10,1940,Tuesday
916.0,tt0062765,Bullitt,1968-10-17,113.0,42300873.0,1,0,0,0,1,0,1,0,0,0,0,0,0,0,0,0,1,0,0,4,17,10,1968,Thursday
917.0,tt0050188,मदर इण्डिया,1957-02-13,172.0,0.0,0,0,0,0,0,0,1,0,0,0,0,0,0,0,0,0,0,0,0,1,13,2,1957,Wednesday
918.0,tt0092666,Blind Date,1987-03-27,95.0,39321715.0,0,0,0,1,0,0,0,0,0,0,0,0,0,1,0,0,0,0,0,2,27,3,1987,Friday
919.0,tt0275230,Blood: The Last Vampire,2000-11-18,48.0,0.0,0,0,1,0,0,0,0,0,1,0,1,0,0,0,0,0,0,0,0,3,18,11,2000,Saturday
920.0,tt0317219,Cars,2006-06-08,117.0,461983149.0,0,1,1,1,0,0,0,1,0,0,0,0,0,0,0,0,0,0,0,4,8,6,2006,Thursday
921.0,tt0352248,Cinderella Man,2005-06-02,144.0,108539911.0,0,0,0,0,0,0,1,0,0,1,0,0,0,1,0,0,0,0,0,3,2,6,2005,Thursday
922.0,tt0112817,Dead Man,1995-12-23,121.0,103800000.0,0,0,0,0,0,0,1,0,1,0,0,0,0,0,0,0,0,0,1,3,23,12,1995,Saturday
923.0,tt0077402,Dawn of the Dead,1978-09-02,127.0,55000000.0,0,0,0,0,0,0,0,0,0,0,1,0,0,0,0,0,0,0,0,1,2,9,1978,Saturday
924.0,tt0363547,Dawn of the Dead,2004-03-19,101.0,102278712.0,1,0,0,0,0,0,0,0,0,0,1,0,0,0,0,0,0,0,0,2,19,3,2004,Friday
925.0,tt0097216,Do the Right Thing,1989-06-14,120.0,37295445.0,0,0,0,0,0,0,1,0,0,0,0,0,0,0,0,0,0,0,0,1,14,6,1989,Wednesday
926.0,tt0177789,Galaxy Quest,1999-12-23,101.0,90683916.0,0,1,0,1,0,0,0,1,0,0,0,0,0,0,1,0,0,0,0,4,23,12,1999,Thursday
927.0,tt0087363,Gremlins,1984-06-07,106.0,153083102.0,0,0,0,1,0,0,0,0,1,0,1,0,0,0,0,0,0,0,0,3,7,6,1984,Thursday
928.0,tt0099700,Gremlins 2: The New Batch,1990-06-15,106.0,41482207.0,0,0,0,1,0,0,0,0,1,0,1,0,0,0,0,0,0,0,0,3,15,6,1990,Friday
929.0,tt0120685,Godzilla,1998-05-20,139.0,379014294.0,1,0,0,0,0,0,0,0,0,0,0,0,0,0,1,0,1,0,0,3,20,5,1998,Wednesday
930.0,tt0034815,Die große Liebe,1942-06-12,100.0,0.0,0,0,0,0,0,0,1,0,0,0,0,0,0,1,0,0,0,0,0,2,12,6,1942,Friday
931.0,tt0069995,Don't Look Now,1973-12-03,110.0,0.0,0,0,0,0,0,0,1,0,0,0,1,0,0,0,0,0,1,0,0,3,3,12,1973,Monday
932.0,tt0038769,Die Mörder sind unter uns,1946-10-15,91.0,0.0,0,0,0,0,0,0,1,0,0,0,0,0,0,0,0,0,0,0,0,1,15,10,1946,Tuesday
933.0,tt0061756,Heißer Sommer,1968-06-20,97.0,0.0,0,0,0,1,0,0,0,0,0,0,0,1,0,0,0,0,0,0,0,2,20,6,1968,Thursday
934.0,tt0048021,Du rififi chez les hommes,1955-04-13,118.0,460000.0,1,0,0,0,1,0,1,0,0,0,0,0,0,0,0,0,0,0,0,3,13,4,1955,Wednesday
935.0,tt0057012,Dr. Strangelove or: How I Learned to Stop Worrying and Love the Bomb,1964-01-29,95.0,9523464.0,0,0,0,1,0,0,1,0,0,0,0,0,0,0,0,0,0,1,0,3,29,1,1964,Wednesday
936.0,tt0057413,The Pink Panther,1963-12-18,115.0,10878107.0,0,0,0,1,1,0,0,0,0,0,0,0,0,0,0,0,0,0,0,2,18,12,1963,Wednesday
938.0,tt0059578,Per qualche dollaro in più,1965-12-18,132.0,15000000.0,0,0,0,0,0,0,0,0,0,0,0,0,0,0,0,0,0,0,1,1,18,12,1965,Saturday
939.0,tt0018037,The Jazz Singer,1927-10-06,89.0,2600000.0,0,0,0,0,0,0,1,0,0,0,0,1,0,0,0,0,0,0,0,2,6,10,1927,Thursday
940.0,tt0030341,The Lady Vanishes,1938-10-07,96.0,0.0,0,0,0,0,0,0,0,0,0,0,0,0,1,0,0,0,1,0,0,2,7,10,1938,Friday
941.0,tt0093409,Lethal Weapon,1987-03-06,110.0,120207127.0,1,1,0,1,1,0,0,0,0,0,0,0,0,0,0,0,1,0,0,5,6,3,1987,Friday
942.0,tt0097733,Lethal Weapon 2,1989-07-07,114.0,227853986.0,1,1,0,1,1,0,0,0,0,0,0,0,0,0,0,0,1,0,0,5,7,7,1989,Friday
943.0,tt0104714,Lethal Weapon 3,1992-05-15,118.0,321731527.0,1,1,0,1,1,0,0,0,0,0,0,0,0,0,0,0,1,0,0,5,15,5,1992,Friday
944.0,tt0122151,Lethal Weapon 4,1998-07-10,127.0,285444603.0,1,1,0,1,1,0,0,0,0,0,0,0,0,0,0,0,1,0,0,5,10,7,1998,Friday
946.0,tt0040536,Letter from an Unknown Woman,1948-04-28,87.0,0.0,0,0,0,0,0,0,1,0,0,0,0,0,0,1,0,0,0,0,0,2,28,4,1948,Wednesday
947.0,tt0056172,Lawrence of Arabia,1962-12-11,228.0,69995385.0,0,1,0,0,0,0,1,0,0,1,0,0,0,0,0,0,0,1,0,4,11,12,1962,Tuesday
948.0,tt0077651,Halloween,1978-10-24,91.0,70274000.0,0,0,0,0,0,0,0,0,0,0,1,0,0,0,0,0,1,0,0,2,24,10,1978,Tuesday
949.0,tt0113277,Heat,1995-12-15,170.0,187436818.0,1,0,0,0,1,0,1,0,0,0,0,0,0,0,0,0,1,0,0,4,15,12,1995,Friday
950.0,tt0438097,Ice Age: The Meltdown,2006-03-29,91.0,660998756.0,0,1,1,1,0,0,0,1,0,0,0,0,0,0,0,0,0,0,0,4,29,3,2006,Wednesday
951.0,tt0099938,Kindergarten Cop,1990-12-21,111.0,201957688.0,0,0,0,1,0,0,0,0,0,0,0,0,0,0,0,0,0,0,0,1,21,12,1990,Friday
953.0,tt0351283,Madagascar,2005-05-25,86.0,542063846.0,0,1,1,1,0,0,0,1,0,0,0,0,0,0,0,0,0,0,0,4,25,5,2005,Wednesday
954.0,tt0117060,Mission: Impossible,1996-05-22,110.0,457731198.0,1,1,0,0,0,0,0,0,0,0,0,0,0,0,0,0,1,0,0,3,22,5,1996,Wednesday
955.0,tt0120755,Mission: Impossible II,2000-05-24,123.0,546388105.0,1,1,0,0,0,0,0,0,0,0,0,0,0,0,0,0,1,0,0,3,24,5,2000,Wednesday
956.0,tt0317919,Mission: Impossible III,2006-05-03,126.0,397850012.0,1,1,0,0,0,0,0,0,0,0,0,0,0,0,0,0,1,0,0,3,3,5,2006,Wednesday
957.0,tt0094012,Spaceballs,1987-06-24,96.0,38119483.0,0,0,0,1,0,0,0,0,0,0,0,0,0,0,1,0,0,0,0,2,24,6,1987,Wednesday
961.0,tt0017925,The General,1926-12-25,79.0,1000000.0,1,1,0,1,0,0,1,0,0,0,0,0,0,0,0,0,0,1,0,5,25,12,1926,Saturday
962.0,tt0015864,The Gold Rush,1925-07-12,89.0,4000000.0,0,1,0,1,0,0,1,0,0,0,0,0,0,0,0,0,0,0,0,3,12,7,1925,Sunday
963.0,tt0033870,The Maltese Falcon,1941-10-18,100.0,1772000.0,0,0,0,0,1,0,0,0,0,0,0,0,1,0,0,0,1,0,0,3,18,10,1941,Saturday
964.0,tt0016220,The Phantom of the Opera,1925-09-22,101.0,0.0,0,0,0,0,0,0,1,0,0,0,1,0,0,0,0,0,0,0,0,2,22,9,1925,Tuesday
965.0,tt0035015,The Magnificent Ambersons,1942-07-10,88.0,0.0,0,0,0,0,0,0,1,0,0,1,0,0,0,1,0,0,0,0,0,3,10,7,1942,Friday
966.0,tt0054047,The Magnificent Seven,1960-04-14,128.0,4905000.0,0,0,0,0,0,0,0,0,0,0,0,0,0,0,0,0,0,0,1,1,14,4,1960,Thursday
967.0,tt0054331,Spartacus,1960-10-13,197.0,60000000.0,0,1,0,0,0,0,1,0,0,1,0,0,0,0,0,0,0,1,0,4,13,10,1960,Thursday
968.0,tt0072890,Dog Day Afternoon,1975-08-01,125.0,46665856.0,0,0,0,0,1,0,1,0,0,0,0,0,0,0,0,0,1,0,0,3,1,8,1975,Friday
975.0,tt0050825,Paths of Glory,1957-10-25,88.0,0.0,0,0,0,0,0,0,1,0,0,0,0,0,0,0,0,0,0,1,0,2,25,10,1957,Friday
976.0,tt0051036,Sweet Smell of Success,1957-07-04,97.0,2500000.0,0,0,0,0,0,0,1,0,0,0,0,0,0,0,0,0,0,0,0,1,4,7,1957,Thursday
977.0,tt0022458,Tabu,1931-08-01,86.0,0.0,0,1,0,0,0,0,1,0,0,0,0,0,0,1,0,0,0,0,0,3,1,8,1931,Saturday
978.0,tt0120102,Seven Years in Tibet,1997-09-12,136.0,131457682.0,0,1,0,0,0,0,1,0,0,1,0,0,0,0,0,0,0,0,0,3,12,9,1997,Friday
979.0,tt0290673,Irréversible,2002-05-22,98.0,792200.0,0,0,0,0,1,0,1,0,0,0,0,0,1,0,0,0,1,0,0,4,22,5,2002,Wednesday
980.0,tt0036244,The Ox-Bow Incident,1943-03-11,76.0,0.0,0,0,0,0,0,0,0,0,0,0,0,0,0,0,0,0,0,0,1,1,11,3,1943,Thursday
981.0,tt0032904,The Philadelphia Story,1940-12-05,113.0,0.0,0,0,0,1,0,0,0,0,0,0,0,0,0,1,0,0,0,0,0,2,5,12,1940,Thursday
982.0,tt0056218,The Manchurian Candidate,1962-10-01,126.0,7700000.0,0,0,0,0,0,0,1,0,0,0,0,0,1,0,0,0,1,0,0,3,1,10,1962,Monday
983.0,tt0073341,The Man Who Would Be King,1975-12-03,129.0,12678.0,0,1,0,0,0,0,1,0,0,0,0,0,0,0,0,0,0,0,0,2,3,12,1975,Wednesday
984.0,tt0066999,Dirty Harry,1971-12-23,102.0,35976000.0,1,0,0,0,1,0,0,0,0,0,0,0,0,0,0,0,1,0,0,3,23,12,1971,Thursday
985.0,tt0074486,Eraserhead,1977-09-28,89.0,7000000.0,0,0,0,0,0,0,0,0,1,0,1,0,0,0,0,0,0,0,0,2,28,9,1977,Wednesday
986.0,tt0059012,Campanadas a medianoche,1965-03-16,115.0,0.0,0,0,0,1,0,0,1,0,0,1,0,0,0,0,0,0,0,0,0,3,16,3,1965,Tuesday
987.0,tt0071524,The Front Page,1974-11-01,105.0,0.0,0,0,0,1,0,0,0,0,0,0,0,0,0,0,0,0,0,0,0,1,1,11,1974,Friday
988.0,tt0078966,The China Syndrome,1979-03-16,122.0,51718367.0,0,0,0,0,0,0,1,0,0,0,0,0,0,0,0,0,1,0,0,2,16,3,1979,Friday
989.0,tt0032811,The Mortal Storm,1940-06-20,100.0,0.0,0,0,0,0,0,0,1,0,0,0,0,0,0,0,0,0,0,0,0,1,20,6,1940,Thursday
990.0,tt0054997,The Hustler,1961-09-25,134.0,7600000.0,0,0,0,0,0,0,1,0,0,0,0,0,0,0,0,0,0,0,0,1,25,9,1961,Monday
991.0,tt0074851,The Man Who Fell to Earth,1976-03-18,138.0,0.0,0,0,0,0,0,0,1,0,0,0,0,0,0,0,1,0,0,0,0,2,18,3,1976,Thursday
992.0,tt0015324,Sherlock Jr.,1924-04-17,45.0,0.0,1,0,0,1,0,0,0,0,0,0,0,0,1,0,0,0,0,0,0,3,17,4,1924,Thursday
993.0,tt0069281,Sleuth,1972-12-10,138.0,0.0,0,0,0,0,1,0,0,0,0,0,0,0,1,0,0,0,1,0,0,3,10,12,1972,Sunday
994.0,tt0067800,Straw Dogs,1971-12-23,116.0,3251794.0,0,0,0,0,1,0,1,0,0,0,0,0,0,0,0,0,1,0,0,3,23,12,1971,Thursday
995.0,tt0031971,Stagecoach,1939-03-03,96.0,1103757.0,1,1,0,0,0,0,0,0,0,0,0,0,0,0,0,0,0,0,1,3,3,3,1939,Friday
996.0,tt0036775,Double Indemnity,1944-06-14,107.0,2500000.0,0,0,0,0,1,0,1,0,0,0,0,0,1,0,0,0,1,0,0,4,14,6,1944,Wednesday
